-- phpMyAdmin SQL Dump
-- version 4.9.5
-- https://www.phpmyadmin.net/
--
-- Host: localhost:3306
-- Generation Time: Jun 22, 2021 at 03:01 PM
-- Server version: 10.3.16-MariaDB
-- PHP Version: 7.3.23

SET SQL_MODE = "NO_AUTO_VALUE_ON_ZERO";
SET AUTOCOMMIT = 0;
START TRANSACTION;
SET time_zone = "+00:00";


/*!40101 SET @OLD_CHARACTER_SET_CLIENT=@@CHARACTER_SET_CLIENT */;
/*!40101 SET @OLD_CHARACTER_SET_RESULTS=@@CHARACTER_SET_RESULTS */;
/*!40101 SET @OLD_COLLATION_CONNECTION=@@COLLATION_CONNECTION */;
/*!40101 SET NAMES utf8mb4 */;

--
-- Database: `id16930756_menjadi_programmer`
--

-- --------------------------------------------------------

--
-- Table structure for table `akun`
--

CREATE TABLE `akun` (
  `ID` int(11) NOT NULL,
  `nama` varchar(255) NOT NULL,
  `password` varchar(255) NOT NULL,
  `username` varchar(255) NOT NULL,
  `created_at` timestamp NOT NULL DEFAULT current_timestamp(),
  `updated_at` timestamp NULL DEFAULT NULL
) ENGINE=InnoDB DEFAULT CHARSET=utf8mb4;

--
-- Dumping data for table `akun`
--

INSERT INTO `akun` (`ID`, `nama`, `password`, `username`, `created_at`, `updated_at`) VALUES
(1, 'Admin', '209d439cb668c11fc8657c4d90dee1d2', 'admin', '2021-06-01 03:52:51', NULL),
(2, 'agung', 'e10adc3949ba59abbe56e057f20f883e', 'agung', '2021-06-01 03:52:51', '2021-06-01 03:53:22'),
(3, 'sahal', 'e10adc3949ba59abbe56e057f20f883e', 'sahal', '2021-06-01 13:31:46', NULL),
(4, 'afief', 'e10adc3949ba59abbe56e057f20f883e', 'afief', '2021-06-01 13:32:00', NULL),
(5, 'ahmad', 'f5bb0c8de146c67b44babbf4e6584cc0', 'ahmad', '2021-06-05 12:45:02', NULL);

-- --------------------------------------------------------

--
-- Table structure for table `kategori`
--

CREATE TABLE `kategori` (
  `ID` int(11) NOT NULL,
  `nama` varchar(255) NOT NULL,
  `deskripsi` text DEFAULT NULL,
  `foto` text DEFAULT NULL,
  `urutan` int(11) DEFAULT NULL,
  `aktif` int(1) DEFAULT 1,
  `created_at` timestamp NOT NULL DEFAULT current_timestamp(),
  `updated_at` timestamp NULL DEFAULT NULL,
  `created_by` int(11) DEFAULT NULL,
  `updated_by` int(11) DEFAULT NULL
) ENGINE=InnoDB DEFAULT CHARSET=utf8mb4;

--
-- Dumping data for table `kategori`
--

INSERT INTO `kategori` (`ID`, `nama`, `deskripsi`, `foto`, `urutan`, `aktif`, `created_at`, `updated_at`, `created_by`, `updated_by`) VALUES
(1, 'HTML', '<p>Belajar HTML 5</p>', '60b3331bf2a2b.png', 1, 1, '2021-05-30 05:49:58', '2021-06-05 00:30:38', NULL, 12),
(2, 'PHP', '<p>belajar PHP</p>', '', 4, 1, '2021-05-30 05:49:58', '2021-06-05 00:33:47', NULL, NULL),
(4, 'Java', '<p>Belajar Java</p>', '60b331d2486c9.jpeg', 5, 1, '2021-05-30 06:33:54', '2021-06-05 00:33:55', 11, NULL),
(6, 'Flutter', '<p>Belajar Flutter</p>', '', 10, 1, '2021-05-30 14:15:58', '2021-06-05 00:38:20', 11, NULL),
(7, 'Kotlin', '<p>Belajar Kotlin</p>', '', 6, 1, '2021-05-31 06:34:02', '2021-06-05 00:34:05', 11, NULL),
(9, 'CSS', '<p>Belajar CSS</p>', '', 2, 1, '2021-05-31 17:39:00', '2021-06-05 00:30:48', 11, NULL),
(10, 'Javascript', '<p>Belajar Javascript</p>', '', 3, 1, '2021-05-31 17:39:10', '2021-06-05 00:31:01', 11, NULL),
(11, 'Android', '<p>Belajar Android</p>', '', 7, 1, '2021-05-31 17:39:24', '2021-06-05 00:37:23', 11, NULL),
(12, 'Swift', '<p>Belajar Swift</p>', '', 7, 1, '2021-05-31 17:39:46', '2021-06-05 00:34:14', 11, NULL),
(13, 'Dekstop', '<p>Dekstop</p>', '', 11, 1, '2021-05-31 17:40:15', '2021-06-05 00:38:26', 11, NULL),
(14, 'Database', '<p>Belajar Database</p>', '', 6, 1, '2021-05-31 17:40:28', '2021-06-05 00:36:44', 11, NULL),
(15, 'React JS', '<p>Belajar&nbsp;React JS</p>', '', 9, 1, '2021-05-31 17:40:56', '2021-06-05 00:37:55', 11, NULL),
(16, 'React Native', '<p>Belajar&nbsp;React Native</p>', '', 10, 1, '2021-05-31 17:41:04', '2021-06-05 00:38:03', 11, NULL),
(17, 'Vue.js', '<p>Belajar&nbsp;Vue JS</p>', '', 9, 1, '2021-05-31 17:41:13', '2021-06-05 17:41:32', 11, NULL),
(18, 'Git', 'Belajar Git', '', 8, 1, '2021-05-31 17:41:22', NULL, 11, NULL),
(19, 'Docker', '<p>Belajar Docker</p>', '', 12, 1, '2021-05-31 17:41:43', '2021-06-05 00:38:34', 11, NULL),
(20, 'Website', '<p>Belajar Website</p>', '', 1, 1, '2021-05-31 17:41:55', '2021-06-05 00:37:11', 11, NULL),
(21, 'Arduino', '<p>Belajar Arduino</p>', '', 14, 1, '2021-05-31 17:42:26', '2021-06-05 00:38:48', 11, NULL),
(23, 'Unity', '<p>-</p>', '60ba296a12d7d.png', 13, 1, '2021-06-04 13:23:54', '2021-06-05 00:38:40', 2, NULL),
(25, 'Codeigniter', '<p>-</p>', '', 15, 1, '2021-06-05 12:33:39', NULL, 1, NULL),
(26, 'Tentang Programmer', '<p>-</p>', '', 0, 1, '2021-06-05 12:51:24', NULL, 1, NULL),
(27, 'Dart', '<p>-</p>', '', 10, 1, '2021-06-14 12:00:51', '2021-06-14 12:01:30', 1, NULL);

-- --------------------------------------------------------

--
-- Table structure for table `konten`
--

CREATE TABLE `konten` (
  `ID` int(11) NOT NULL,
  `nama` varchar(255) NOT NULL,
  `deskripsi` text DEFAULT NULL,
  `tipe_konten` int(11) NOT NULL DEFAULT 1 COMMENT '1=Embed HTML, 2=Link Youtube, 3=Link Artikel',
  `link` text DEFAULT NULL,
  `isi_konten` text DEFAULT NULL,
  `foto` text DEFAULT NULL,
  `urutan` int(11) DEFAULT NULL,
  `aktif` int(1) DEFAULT 1,
  `kategori` int(11) DEFAULT NULL,
  `created_at` timestamp NOT NULL DEFAULT current_timestamp(),
  `created_by` int(11) DEFAULT NULL,
  `updated_at` timestamp NULL DEFAULT NULL,
  `updated_by` int(11) DEFAULT NULL
) ENGINE=InnoDB DEFAULT CHARSET=utf8mb4;

--
-- Dumping data for table `konten`
--

INSERT INTO `konten` (`ID`, `nama`, `deskripsi`, `tipe_konten`, `link`, `isi_konten`, `foto`, `urutan`, `aktif`, `kategori`, `created_at`, `created_by`, `updated_at`, `updated_by`) VALUES
(6, 'Apa itu HTML ?', '<p>-</p>', 1, '-', '<h2>Apa itu HTML ?</h2><figure class=\"image\"><img src=\"https://user-images.githubusercontent.com/50833200/120826601-d41da680-c584-11eb-8b8f-2b3ce68864cc.png\" alt=\"html\"></figure><p>HyperText Markup Language (<strong>HTML</strong>) merupakan suatu bahasa markah yang digunakan untuk membuat halaman web, menampilkan berbagai informasi di dalam sebuah browser web. <strong>HTML</strong> dibuat dengan menggunakan aplikasi pengolah kata dan disimpan dalam format ASCII sehingga menjadi halaman web dengan perintah-perintah <strong>HTML</strong>.</p><h2><strong>Sejarah HTML</strong></h2><p>HTML dibuat oleh <a href=\"https://en.wikipedia.org/wiki/Tim_Berners-Lee\"><strong>Tim Berners-Lee</strong></a>, seorang ahli fisika di lembaga penelitian CERN yang berlokasi di Swiss. Dia memiliki ide tentang sistem hypertext yang berbasis internet.</p><p>Hypertext merujuk pada teks yang memuat referensi (link) ke teks lain yang bisa diakses langsung oleh viewer. Tim merilis versi pertama HTML pada tahun 1991, dan di dalamnya terdiri atas 18 HTML tag. Sejak saat itu, setiap kali bahasa HTML merilis versi teranyarnya, selalu ada tag dan attribute (tag modifier) terbaru.</p><p>Berdasarkan <a href=\"https://developer.mozilla.org/en-US/docs/Web/HTML/Element\"><strong>HTML Element Reference</strong></a> milik Mozilla Developer Network, untuk saat ini, ada 140 HTL tag meskipun sebagiannya sudah usang (tidak lagi didukung oleh versi terbaru browser).</p><p>Berkat popularitasnya yang terus meningkat, HTML kini dianggap sebagai web standard yang resmi. Spesifikasi HTML di-<i>maintain</i> dan dikembangkan oleh World Wide Web Consortiumm (W3C). Cek versi terbaru dari bahasa ini di <a href=\"https://www.w3.org/\"><strong>website W3C</strong></a>.</p><p>Upgrade HTML besar-besaran terjadi pada tahun 2014, dan hasilnya adalah pengenalan <strong>HTML5</strong>. Pada upgrade tersebut, terdapat semantic baru yang memberitahukan arti dari kontennya sendiri, seperti&nbsp;<i><strong>&lt;artcile&gt;</strong></i>,&nbsp;<i><strong>&lt;header&gt;,&nbsp;</strong></i>dan&nbsp;<i><strong>&lt;footer&gt;</strong>.</i></p><h2><strong>Bagaimana Cara Kerja HTML?</strong></h2><p>Dokumen HTML adalah file yang diakhiri dengan ekstensi&nbsp;<i><strong>.html</strong> atau&nbsp;</i><strong>.htm</strong><i>.&nbsp;</i>Ekstensi file ini bisa dilihat dengan mengunakan web browser apa pun (seperti Google Chrome, Safari, atau Mozila Firefox). Browser tersebut membaca file HTML dan me-<i>render</i> kontennya sehingga user internet bisa melihat dan membacanya.</p><p>Biasanya, rata-rata situs web menyertakan sejumlah halaman HTML yang berbeda-beda. Contohnya, beranda utama, halaman ‘tentang kami’, halaman kontak yang semuanya memiliki dokumen HTML terpisah.</p><p>Masing-masing halaman HTML terdiri atas seperangkat&nbsp;<strong>tags</strong> (bisa disebut juga&nbsp;<strong>elements</strong>), yang mengacu pada&nbsp;<i>building block</i> halaman website. Tag tersebut membuat hirarki yang menyusun konten hingga menjadi bagian, paragraf, heading, dan&nbsp;<i>block</i> konten lainnya.</p><p>Sebagian besar element HTML memiliki tag pembuka dan penutup yang menggunakan syntax&nbsp;<i><strong>&lt;tag&gt;&lt;/tag&gt;</strong></i>.</p><p>Berikut contoh kode dari susunan atau struktur HTML:</p><p>&lt;div&gt;</p><p>&lt;h1&gt;The Main Heading&lt;/h1&gt;</p><p>&lt;h2&gt;A catchy subheading&lt;/h2&gt;</p><p>&lt;p&gt;Paragraph one&lt;/p&gt;</p><p>&lt;img src=\"/\" alt=\"Image\"&gt;</p><p>&lt;p&gt;Paragraph two with a &lt;a href=\"https://example.com\"&gt;hyperlink&lt;/a&gt;&lt;/p&gt;</p><p>&lt;/div&gt;</p><ul><li>Elemen teratas dan terbawah adalah division sederhana (<strong>&lt;div&gt;&lt;/div&gt;</strong>) yang bisa Anda gunakan untuk&nbsp;<i>mark up</i> bagian konten yang lebih besar.</li><li>Susunan HTML di atas terdiri atas heading (<i><strong>&lt;h1&gt;&lt;/h1&gt;</strong></i>), subheading (<strong>&lt;h2&gt;&lt;/h2</strong>), dua paragraf (<strong>&lt;p&gt;&lt;/p&gt;</strong>), dan satu gambar (<i><strong>&lt;img&gt;</strong></i>).</li><li>Paragraf kedua meliputi sebuah link (<i><strong>&lt;a&gt;&lt;/a&gt;</strong></i>) dengan attribute href yang terdiri atas URL tujuan.</li><li>Tag gambar memiliki dua attribute,&nbsp;<i><strong>src</strong></i> untuk path gambar dan&nbsp;<i><strong>alt</strong></i><strong>&nbsp;</strong>untuk deskripsi gambar.</li></ul><p><br>sumber :</p><p><a href=\"https://www.hostinger.co.id/tutorial/apa-itu-html\">https://www.hostinger.co.id/tutorial/apa-itu-html</a></p>', '60b5d36be9a2d.png', 1, 1, 1, '2021-06-01 06:25:12', 1, '2021-06-05 00:49:25', NULL),
(7, 'Apa itu PHP ?', '<p>-</p>', 1, '-', '<p>Hypertext Preprocessor atau dikenal dengan <strong>PHP</strong> adalah bahasa skrip yang dapat ditanamkan atau disisipkan ke dalam HTML. <strong>PHP</strong> banyak dipakai untuk memrogram situs web dinamis. Pada awalnya <strong>PHP</strong> merupakan kependekan dari Personal Home Page.</p>', '60b5d35c2b23c.png', 1, 1, 2, '2021-06-01 06:27:40', 1, '2021-06-05 00:49:52', NULL),
(8, 'Apa itu Java ?', '<p>-</p>', 1, '-', '<p><strong>Java</strong> merupakan bahasa pemrograman web paling populer dan juga orientasinya pada objek yang dapat diajalankan pada segala jenis sistem operasi. Hal ini dikarenakan perkembangan <strong>Java</strong> tidak hanya berfokus pada satu sistem operasi saja, tetapi dikembangkan untuk segala macam jenis sistem operasi dan bersifat open source.</p><p><strong>Java</strong> adalah <a href=\"https://id.wikipedia.org/wiki/Bahasa_pemrograman\">bahasa pemrograman</a> yang dapat dijalankan di berbagai <a href=\"https://id.wikipedia.org/wiki/Komputer\">komputer</a> termasuk <a href=\"https://id.wikipedia.org/wiki/Telepon_genggam\">telepon genggam</a>. Bahasa ini awalnya dibuat oleh <a href=\"https://id.wikipedia.org/wiki/James_Gosling\">James Gosling</a> saat masih bergabung di <a href=\"https://id.wikipedia.org/wiki/Sun_Microsystems\">Sun Microsystems</a>, yang saat ini merupakan bagian dari <a href=\"https://id.wikipedia.org/wiki/Oracle\">Oracle</a> dan dirilis tahun <a href=\"https://id.wikipedia.org/wiki/1995\">1995</a>. Bahasa ini banyak mengadopsi sintaksis yang terdapat pada <a href=\"https://id.wikipedia.org/wiki/C_(bahasa_pemrograman)\">C</a> dan <a href=\"https://id.wikipedia.org/wiki/C%2B%2B\">C++</a> namun dengan sintaksis model objek yang lebih sederhana serta dukungan rutin-rutin aras bawah yang minimal. Aplikasi-aplikasi berbasis java umumnya dikompilasi ke dalam <a href=\"https://id.wikipedia.org/wiki/P-code\">p-code</a> (<i>bytecode</i>) dan dapat dijalankan pada berbagai <a href=\"https://id.wikipedia.org/wiki/Mesin_virtual_java\">Mesin Virtual Java (JVM)</a>. Java merupakan bahasa pemrograman yang bersifat umum/non-spesifik (<i>general purpose</i>), dan secara khusus didesain untuk memanfaatkan dependensi implementasi seminimal mungkin. Karena fungsionalitasnya yang memungkinkan aplikasi java mampu berjalan di beberapa platform <a href=\"https://id.wikipedia.org/wiki/Sistem_operasi\">sistem operasi</a> yang berbeda, java dikenal pula dengan slogannya, \"<i>Tulis sekali, jalankan di mana pun</i>\". Saat ini java merupakan bahasa pemrograman yang paling populer digunakan, dan secara luas dimanfaatkan dalam pengembangan berbagai jenis perangkat lunak aplikasi ataupun aplikasi</p><p>Sumber :<br><a href=\"https://id.wikipedia.org/wiki/Java\">https://id.wikipedia.org/wiki/Java</a></p>', '60b5d44e825fc.png', 1, 1, 4, '2021-06-01 06:31:42', 1, '2021-06-05 00:50:14', NULL),
(9, 'Apa itu Flutter ?', '<p>-</p>', 1, '-', '<h2><strong>Apa Itu Flutter?</strong></h2><p>Melansir dari <a href=\"https://www.altexsoft.com/blog/engineering/pros-and-cons-of-flutter-app-development/\">Altexsoft</a>, Flutter adalah teknologi <i>open source</i> dari Google yang bisa digunakan untuk membuat aplikasi Android dan iOS.</p><p>Sempat disebutkan di atas bahwa Flutter adalah SDK sehingga pastinya sudah dilengkapi dengan fitur yang berguna untuk mengembangkan aplikasi lintas <i>platform</i>.</p><p>Misalnya saja <i>rendering engine</i>, <i>widget </i>yang sudah siap pakai, API pengujian dan integrasi, hingga <i>command-line tools</i>.</p><p>Meskipun ada teknologi yang serupa misalnya <a href=\"https://glints.com/id/lowongan/react-native-adalah/#.YCfmbGgzY2x\">React Native</a> hingga Xamarin, tapi <i>developer</i> tetap memperbincangkan Flutter karena kemudahan yang ditawarkan.</p><p>Salah satu hal yang menjadi faktor mengapa teknologi yang satu ini disukai adalah kemudahan dalam membuat aplikasi hanya dengan satu basis kode saja.</p><p>Hal itu sesuai dengan klaim Flutter yang ditulis di <a href=\"https://flutter.dev/\">laman resminya</a>. Mereka menyebutkan bahwa Flutter adalah perangkat UI untuk membuat aplikasi yang indah untuk <i>mobile</i>, web, dan <i>desktop</i> dari satu basis kode saja.</p><p>Jika ingin mengembangkan aplikasi menggunakan Flutter, maka kamu harus terlebih dahulu memahami bahasa pemrograman Dart.</p><p>Bahasa tersebut dibuat oleh Google pada tahun 2011 lalu dan popularitasnya semakin meningkat selama beberapa tahun terakhir.</p><p>Dart sendiri berfokus pada pengembangan <i>front-end</i> sehingga bisa dimanfaatkan untuk membuat aplikasi <i>mobile</i> dan web.</p><p>&nbsp;</p><p>Sumber :</p><p><a href=\"https://glints.com/id/lowongan/flutter-adalah/#.YLXUejYzaEs\">https://glints.com/id/lowongan/flutter-adalah/#.YLXUejYzaEs</a></p>', '60b5d4d0c0fc9.png', 1, 1, 6, '2021-06-01 06:33:52', 1, '2021-06-05 00:50:36', NULL),
(10, 'Apa itu Kotlin ?', '<p>-</p>', 1, '-', '<h2><strong>Pengertian Kotlin</strong></h2><figure class=\"image\"><img src=\"https://www.dicoding.com/blog/wp-content/uploads/2020/04/internship-rendi-cover-kotlin.png\" alt=\"kotlin cover\" srcset=\"https://www.dicoding.com/blog/wp-content/uploads/2020/04/internship-rendi-cover-kotlin.png 500w, https://www.dicoding.com/blog/wp-content/uploads/2020/04/internship-rendi-cover-kotlin-300x150.png 300w, https://www.dicoding.com/blog/wp-content/uploads/2020/04/internship-rendi-cover-kotlin-370x185.png 370w\" sizes=\"100vw\" width=\"500\"></figure><p>Kotlin adalah bahasa pemrograman modern, disajikan secara statis yang berjalan pada <i>platform Java Virtual Machine </i>(JVM). Kotlin menggunakan <i>compiler </i>LLVM yang artinya, dapat dikompilasi ke dalam kode JavaScript. Bahasa pemrograman yang satu ini banyak diminati oleh para developer. Terutama bagi kamu yang ingin jadi developer Android, pakailah bahasa yang satu ini.</p><h2><strong>Sejarah Singkat Kotlin</strong></h2><figure class=\"image\"><img src=\"https://www.dicoding.com/blog/wp-content/uploads/2020/04/internship-rendi-logo-kotlin-1024x718.png\" alt=\"logo kotlin\" srcset=\"https://www.dicoding.com/blog/wp-content/uploads/2020/04/internship-rendi-logo-kotlin-1024x718.png 1024w, https://www.dicoding.com/blog/wp-content/uploads/2020/04/internship-rendi-logo-kotlin-300x210.png 300w, https://www.dicoding.com/blog/wp-content/uploads/2020/04/internship-rendi-logo-kotlin-768x539.png 768w, https://www.dicoding.com/blog/wp-content/uploads/2020/04/internship-rendi-logo-kotlin-370x259.png 370w, https://www.dicoding.com/blog/wp-content/uploads/2020/04/internship-rendi-logo-kotlin-770x540.png 770w, https://www.dicoding.com/blog/wp-content/uploads/2020/04/internship-rendi-logo-kotlin-70x50.png 70w\" sizes=\"100vw\" width=\"398\"></figure><p>Lalu siapakah tim dibalik layar pegembangan bahasa yang satu ini? Yakni <strong>JetBrains, </strong>yang juga mengembangkan tools pemrograman seperti IDE. Kemudian saat ini diadopsi oleh Google untuk mengembangkan aplikasi Android melalui Android Studio.&nbsp;</p><p>Lantas kenapa Jetbrains menamakannya Kotlin? Singkat cerita, Kotlin merupakan sebuah pulau yang berada di tempat yang sama dengan markas Jetbrains. Lokasinya di Saint Petersburg, Russia. Kotlin 1.0 adalah versi awal yang dirilis pada bulan Februari 2016 dan saat ini sudah mencapai versi 1.30.70.</p><p>Seperti yang sudah dijelaskan di awal. Bahwa Kotlin menjadi bahasa kelas utama (<i>first class language</i>) dalam pembuatan aplikasi Android (Google I/O, Mei 2017).</p><p>Sumber :</p><p><a href=\"https://www.dicoding.com/blog/apa-itu-kotlin-kenapa-kita-harus-mempelajari-kotlin/\">https://www.dicoding.com/blog/apa-itu-kotlin-kenapa-kita-harus-mempelajari-kotlin/</a></p>', '60b5d5e12db11.png', 1, 1, 7, '2021-06-01 06:38:25', 1, '2021-06-05 00:50:49', NULL),
(11, 'Apa itu CSS ?', '<p>-</p>', 1, '-', '<h2><strong>Apa Itu CSS?&nbsp;</strong></h2><p><strong>CSS</strong> adalah bahasa Cascading Style Sheet dan biasanya digunakan untuk mengatur tampilan elemen yang tertulis dalam bahasa markup, seperti <a href=\"https://www.hostinger.co.id/tutorial/apa-itu-html/\"><strong>HTML</strong></a>. CSS berfungsi untuk memisahkan konten dari tampilan visualnya di situs.</p><p>CSS dibuat dan dikembangkan oleh <strong>W3C</strong> (<a href=\"https://www.w3.org/\"><strong>World Wide Web Consortium</strong></a>) pada tahun 1996 untuk alasan yang sederhana. Dulu HTML tidak dilengkapi dengan tags yang berfungsi untuk memformat halaman. Anda hanya perlu menulis markup untuk situs.</p><p>Tags, seperti <strong>&lt;font&gt;</strong>, diperkenalkan di HTML versi 3.2, dan ketika itu menyebabkan banyak masalah bagi developer. Karena website memiliki berbagai font, warna background, dan style, maka untuk menulis kembali (<i>rewrite</i>) kode memerlukan proses yang sangat panjang dan sulit. Oleh sebab itu, W3C membuat CSS untuk menyelesaikan masalah ini.</p><p>HTML dan CSS memiliki keterikatan yang erat. Karena HTML adalah bahasa markup (fondasi situs) dan CSS memperbaiki style (untuk semua aspek yang terkait dengan tampilan website), maka kedua bahasa pemrograman ini harus berjalan beriringan.</p><p>Tak hanya penting di sisi teknis, CSS juga berpengaruh pada tampilan sebuah website. Tentunya Anda tidak ingin website terlihat seperti situs yang ‘telanjang’ tanpa modifikasi apa pun, bukan?</p><p>&nbsp;</p><p>Sumber :</p><p><a href=\"https://www.hostinger.co.id/tutorial/apa-itu-css\">https://www.hostinger.co.id/tutorial/apa-itu-css</a></p>', '60b5d68c24b53.png', 1, 1, 9, '2021-06-01 06:41:16', 1, '2021-06-05 00:50:59', NULL),
(12, 'Apa Itu JavaScript?', '<p>-</p>', 1, '-', '<h2><strong>Apa Itu JavaScript?</strong></h2><figure class=\"image\"><img src=\"https://www.dicoding.com/blog/wp-content/uploads/2020/05/internship-rendi-cover-js-1024x768.png\" alt=\"javascript\" srcset=\"https://www.dicoding.com/blog/wp-content/uploads/2020/05/internship-rendi-cover-js.png 1024w, https://www.dicoding.com/blog/wp-content/uploads/2020/05/internship-rendi-cover-js-300x225.png 300w, https://www.dicoding.com/blog/wp-content/uploads/2020/05/internship-rendi-cover-js-768x576.png 768w, https://www.dicoding.com/blog/wp-content/uploads/2020/05/internship-rendi-cover-js-370x278.png 370w, https://www.dicoding.com/blog/wp-content/uploads/2020/05/internship-rendi-cover-js-770x578.png 770w\" sizes=\"100vw\" width=\"900\"></figure><p>Tahukah kamu bahwa JavaScript adalah bahasa pemrograman&nbsp;yang digunakan dalam pengembangan website agar lebih dinamis dan interaktif. Kalau sebelumnya kamu hanya mengenal HTML dan CSS, nah sekarang kamu jadi tahu bahwa JavaScript dapat meningkatkan fungsionalitas pada halaman web. Bahkan dengan JavaScript ini kamu bisa membuat aplikasi, <i>tools</i>, atau bahkan <i>game</i> pada web.</p><p>Bicara teknis, JavaScript atau kita singkat menjadi JS merupakan bahasa pemrograman jenis interpreter, sehingga kamu tidak memerlukan <i>compiler</i> untuk menjalankannya. JavaScript memiliki fitur-fitur seperti berorientasi objek, <i>client-side</i>, <i>high-level programming</i>, dan <i>loosely typed</i>.</p><h2><strong>Sejarah JavaScript</strong></h2><figure class=\"image\"><img src=\"https://www.dicoding.com/blog/wp-content/uploads/2020/05/internship-rendi-book-js.png\" alt=\"book javascript\" srcset=\"https://www.dicoding.com/blog/wp-content/uploads/2020/05/internship-rendi-book-js.png 500w, https://www.dicoding.com/blog/wp-content/uploads/2020/05/internship-rendi-book-js-300x200.png 300w, https://www.dicoding.com/blog/wp-content/uploads/2020/05/internship-rendi-book-js-370x247.png 370w\" sizes=\"100vw\" width=\"660\"></figure><p>Bagi kamu yang masih awam, mungkin penasaran bagaimana awal mulanya diciptakan bahasa pemrograman ini.&nbsp;</p><p>Pada tahun 1994 JavaScript mulai dikenal, pada saat itu web dan internet sudah mulai berkembang. JavaScript didesain oleh Brendan Eich yang merupakan karyawan Netscape. Transformasi nama JavaScript, dimulai dari Mocha, Mona, LiveScript, hingga akhirnya resmi bernama JavaScript.&nbsp;</p><p>Versi awal bahasa JS hanya dipakai di kalangan Netscape beserta dengan fungsionalitas pun yang masih terbatas. Singkat cerita pada tahun 1996 JavaScript secara resmi dinamakan sebagai ECMAScript. ECMAScript 2 dikembangkan pada tahun 1998 yang dilanjutkan dengan ECMAScript 3 setahun kemudian. ECMAScript terus dikembangkan sampai akhirnya menjadi JavaScript atau JS hingga saat ini. Pada tahun 2016, 92% web diketahui telah menggunakan JavaScript. Itulah mengapa JavaScript atau JS terus berkembang.</p><p>&nbsp;</p><p>sumber :</p><p><a href=\"https://www.dicoding.com/blog/apa-itu-javascript-fungsi-dan-contohnya/\">https://www.dicoding.com/blog/apa-itu-javascript-fungsi-dan-contohnya/</a></p>', '60b5d7102b369.png', 1, 1, 10, '2021-06-01 06:43:28', 1, '2021-06-05 00:51:15', NULL),
(13, 'Apa itu Android ?', '<p>-</p>', 1, '-', '<h2><strong>Apa itu Android?</strong></h2><figure class=\"image\"><img src=\"https://i1.wp.com/windowsku.com/wp-content/uploads/2018/10/android-logo.jpg?resize=209%2C245\" alt=\"Android Logo\" srcset=\"https://i1.wp.com/windowsku.com/wp-content/uploads/2018/10/android-logo.jpg?w=326&amp;ssl=1 326w, https://i1.wp.com/windowsku.com/wp-content/uploads/2018/10/android-logo.jpg?resize=256%2C300&amp;ssl=1 256w\" sizes=\"100vw\" width=\"209\"></figure><p>Android adalah sebuah sistem operasi yang dirancang oleh Google yang berbasiskan kernel Linux dan berbagai perangkat lunak&nbsp;<a href=\"https://windowsku.com/apa-itu-open-source-software-tech-explain/\"><i>Open Source</i></a><i>&nbsp;</i>lainnya serta biasa digunakan untuk perangkat dengan layar sentuh seperti smartphone dan tablet.</p><p>Walau Android adalah milik Google, Google tidak memungut biaya bagi siapapun yang ingin menggunakan Android karena Android adalah perangkat lunak&nbsp;<i>open source.&nbsp;</i>Hal ini sangat bertolak belakang dengan sistem operasi Windows 10 Mobile milik Microsoft, dimana perusahaan harus membayar royalti jika ingin menggunakan sistem operasi tersebut. Sedangkan iOS milik Apple hanya bisa digunakan di perangkat iPhone dan iPad saja dan Apple tidak merilisnya untuk perangkat lain.</p><p>Oleh karena itu, banyak sekali pihak atau perusahaan yang menggunakan sistem operasi Android. Jika anda bertanya, apa keuntungan yang di dapatkan Google dari Android? Google hanya mendapatkan keuntungan jika ada perusahaan yang mengunggah aplikasi mereka ke Play Store maupun iklan yang ada ketika anda menggunakan aplikasi atau game. Misalnya saja anda bermain Subway Surfer, tentu anda bisa melihat iklan disana.</p><p>&nbsp;</p><p>sumber :</p><p><a href=\"https://windowsku.com/apa-itu-android-adalah/\">https://windowsku.com/apa-itu-android-adalah/</a></p>', '60b5d7ce52975.png', 1, 1, 11, '2021-06-01 06:46:38', 1, '2021-06-05 00:51:36', NULL),
(14, 'Apa itu Swift ?', '<p>-</p>', 1, '-', '<h2>Apa itu Swift ?</h2><figure class=\"image image-style-side\"><img src=\"https://upload.wikimedia.org/wikipedia/id/4/43/Apple_Swift_Logo.png\" alt=\"Apple Swift Logo.png\"></figure><p><strong>Swift</strong> adalah <a href=\"https://id.wikipedia.org/wiki/Bahasa_pemrograman\">bahasa pemrograman</a> objek fungsional untuk pengembangan <a href=\"https://id.wikipedia.org/wiki/IOS\">iOS</a> dan <a href=\"https://id.wikipedia.org/wiki/OS_X\">OS X</a> yang dibuat oleh <a href=\"https://id.wikipedia.org/wiki/Apple_Inc.\">Apple</a>. Didesain untuk berdampingan dengan Objective-C dan menghindari program dari kode yang salah. <i>Swift</i> diperkenalkan oleh Apple pada acara tahunan <a href=\"https://id.wikipedia.org/wiki/Apple_Worldwide_Developers_Conference\">WWDC</a> 2014. Ini dibangun dengan compiler <a href=\"https://id.wikipedia.org/w/index.php?title=LLVM&amp;action=edit&amp;redlink=1\">LLVM</a> yang termasuk dalam <a href=\"https://id.wikipedia.org/w/index.php?title=Xcode&amp;action=edit&amp;redlink=1\">Xcode</a> 6 beta. Sebuah buku berisi 500 halaman petunjuk, <i>The Swift Programming Language</i>, dirilis bersamaan dengan WWDC, dan tersedia secara gratis di <i>iBooks</i>.</p><p>Pada tanggal 2 Juni 2014, aplikasi WWDC menjadi yang pertama dirilis ke publik yang ditulis dengan Swift.</p><p>sumber :</p><p><a href=\"https://id.wikipedia.org/wiki/Swift_(bahasa_pemrograman)\">https://id.wikipedia.org/wiki/Swift_(bahasa_pemrograman)</a></p>', '60b5d88468003.png', 1, 1, 12, '2021-06-01 06:49:40', 1, '2021-06-05 00:51:45', NULL),
(15, 'Apa itu Dekstop ?', '<p>-</p>', 1, '-', '<h2>Apa Itu Desktop?</h2><figure class=\"image\"><img src=\"https://i0.wp.com/www.nesabamedia.com/wp-content/uploads/2020/12/desktop-2.jpg?resize=680%2C383&amp;ssl=1\" alt=\"Mengenal Apa Itu Desktop\"></figure><p>Di dalam sistem operasi Windows, desktop adalah tampilan utama yang berfungsi tidak ubahnya seperti sebuah meja kerja.</p><p>Pada desktop, anda bisa meletakkan beragam shortcut untuk membuka folder dan berbagai jenis file, serta untuk menjalankan software yang sangat sering anda gunakan. <a href=\"https://www.nesabamedia.com/pengertian-shortcut/\">Shortcut-shortcut</a> tersebut bisa diibaratkan seperti berbagai benda yang sering dijumpai di atas meja (dokumen, smartphone, bolpen, buku, dan sebagainya).</p><p>Anda bisa meletakkan shortcut untuk file apa saja pada desktop. Sedangkan untuk software, banyak software yang secara otomatis menempatkan shortcut pada desktop, tapi anda juga bisa membuat shortcut sendiri dan menghapus shortcut yang tidak anda perlukan.</p><p>&nbsp;</p><p>sumber :</p><p><a href=\"https://www.nesabamedia.com/apa-itu-desktop/\">https://www.nesabamedia.com/apa-itu-desktop/</a></p>', '60b5d90321de6.png', 1, 1, 13, '2021-06-01 06:51:47', 1, '2021-06-05 00:51:56', NULL),
(16, 'Apa itu Database ?', '<p>-</p>', 1, '-', '<h2><strong>Pengertian</strong></h2><figure class=\"image\"><img src=\"https://www.dicoding.com/blog/wp-content/uploads/2020/05/carlos-muza-hpjSkU2UYSU-unsplash-1024x729.jpg\" alt=\"Database\" srcset=\"https://www.dicoding.com/blog/wp-content/uploads/2020/05/carlos-muza-hpjSkU2UYSU-unsplash-1024x729.jpg 1024w, https://www.dicoding.com/blog/wp-content/uploads/2020/05/carlos-muza-hpjSkU2UYSU-unsplash-300x214.jpg 300w, https://www.dicoding.com/blog/wp-content/uploads/2020/05/carlos-muza-hpjSkU2UYSU-unsplash-768x547.jpg 768w, https://www.dicoding.com/blog/wp-content/uploads/2020/05/carlos-muza-hpjSkU2UYSU-unsplash-370x264.jpg 370w, https://www.dicoding.com/blog/wp-content/uploads/2020/05/carlos-muza-hpjSkU2UYSU-unsplash-770x548.jpg 770w, https://www.dicoding.com/blog/wp-content/uploads/2020/05/carlos-muza-hpjSkU2UYSU-unsplash-70x50.jpg 70w\" sizes=\"100vw\" width=\"900\"></figure><p><i>Database</i> atau basis data adalah kumpulan data yang dikelola sedemikian rupa berdasarkan ketentuan tertentu yang saling berhubungan sehingga mudah dalam pengelolaannya. Melalui pengelolaan tersebut pengguna dapat memperoleh kemudahan dalam mencari informasi, menyimpan informasi dan membuang informasi.</p><p>Adapun pengertian lain dari database adalah sistem yang berfungsi sebagai mengumpulkan <i>file</i>, tabel, atau arsip yang terhubung dan disimpan dalam berbagai media elektronik.</p><p>&nbsp;</p><p>sumber:</p><p><a href=\"https://www.dicoding.com/blog/apa-itu-database/\">https://www.dicoding.com/blog/apa-itu-database/</a></p>', '60b5d9b49c536.png', 1, 1, 14, '2021-06-01 06:54:44', 1, '2021-06-05 00:52:11', NULL),
(17, 'Apa itu React JS ?', '<p>-</p>', 1, '-', '<h2><strong>Apa Itu ReactJS?</strong></h2><figure class=\"image\"><img src=\"https://glints.com/id/lowongan/wp-content/uploads/2020/10/logo-reactjs.jpg\" alt=\"\" srcset=\"https://glints.com/id/lowongan/wp-content/uploads/2020/10/logo-reactjs.jpg 1242w, https://glints.com/id/lowongan/wp-content/uploads/2020/10/logo-reactjs-300x171.jpg 300w, https://glints.com/id/lowongan/wp-content/uploads/2020/10/logo-reactjs-1024x584.jpg 1024w, https://glints.com/id/lowongan/wp-content/uploads/2020/10/logo-reactjs-768x438.jpg 768w\" sizes=\"100vw\" width=\"600\"></figure><p>Awalnya, ReactJS adalah <a href=\"https://glints.com/id/lowongan/library-javascript/\">JavaScript Library</a> yang dikembangkan oleh Jordan Walke sekitar tahun 2013. Saat itu, Walke merupakan seorang&nbsp;<i>developer&nbsp;</i>untuk Facebook.</p><p>Saat ini, ReactJS digunakan sebagai salah satu <i>framework</i> untuk membuat bagian&nbsp;<a href=\"https://glints.com/id/lowongan/mengenal-front-end/\"><i>front-end</i></a><i>&nbsp;</i>dari sebuah aplikasi.</p><p>Dilansir dari laman resminya, <a href=\"https://reactjs.org/\">ReactJS</a> diklaim membantumu membuat UI interaktif dengan mudah.</p><p>ReactJS akan secara efisien memperbarui dan merender komponen yang tepat saat datamu berubah.</p><p>ReactJS terdiri atas dua komponen.</p><ul><li><i>Functional component</i>, yaitu komponen yang tidak memiliki statusnya sendiri dan hanya berisi metode render, jadi mereka juga disebut komponen <i>stateless</i>. Komponen fungsional ini dapat memperoleh data dari komponen lain sebagai properti.</li><li><i>Class component</i>, yakni komponen yang dapat menampung dan mengelola statusnya dan memiliki metode render terpisah untuk mengembalikan JSX di layar. Komponen ini juga disebut komponen <i>stateful</i>, karena mereka dapat memiliki status.</li></ul><p>sumber :</p><p><a href=\"https://glints.com/id/lowongan/reactjs-adalah/#.YLXZ7jYzaEs\">https://glints.com/</a></p>', '60b5da4f7674d.png', 1, 1, 15, '2021-06-01 06:57:19', 1, '2021-06-05 00:52:52', NULL),
(18, 'Apa itu React Native ?', '<p>-</p>', 1, '-', '<h2><strong>Apa itu React Native?</strong></h2><p>React Native adalah sebauh framework Javascript yang dikembangkan oleh Facebook untuk membuat aplikasi Android dan iOS.</p><p>Apa bedanya React Native dengan framework yang lainnya seperti ionic?</p><p>React Native akan mengkompilasi aplikasi ke dalam native kode Android dan iOS. Sedangkan Ionic, akan membungkus aplikasi di dalam sebuah browser.</p><p>&nbsp;</p><figure class=\"image\"><img src=\"https://www.petanikode.com/img/react-native/react-native-hybrid.png\" alt=\"Aplikasi React Native vs Hybrid\"></figure><p>&nbsp;</p><p>Mana yang lebih bagus?</p><p>Menurut saya tentunya lebih bagus React Native, karena performanya secepat aplikasi Native.</p><p>Contoh aplikasi-aplikasi yang dibuat dengan React Native:</p><p>Ada Facebook, Instagram, Skype, Pinterest, dll.</p><p>&nbsp;</p><figure class=\"image\"><img src=\"https://www.petanikode.com/img/react-native/showcase.png\" alt=\"Aplikasi yang dibuat dengan React Native\"></figure><p>&nbsp;</p><p>sumber:</p><p><a href=\"https://www.petanikode.com/react-native-dasar/\">https://www.petanikode.com</a></p>', '60b5db4b04442.png', 1, 1, 16, '2021-06-01 07:01:31', 1, '2021-06-05 00:53:10', NULL),
(19, 'Apa itu Vue.js?', '<p>-</p>', 1, '-', '<h2><strong>Apa itu Vue.js?</strong></h2><figure class=\"image\"><img src=\"https://docs.vuejs.id/images/logo.png\" alt=\"vue logo\"></figure><p>Vue (cara pengucapannya /vjuː/, seperti <strong>view</strong>) adalah sebuah kerangka kerja nan progresif untuk membangun antarmuka pengguna. Tidak seperti beberapa kerangka kerja monolitik yang lain, Vue dirancang dari dasar sekali agar dapat diadopsi secara bertahap. Pustaka intinya difokuskan pada layer tampilan saja, dan sangat mudah untuk diintegrasikan dengan pustaka yang lain atau dengan proyek yang sudah ada. Di sisi lain, Vue sangat mampu memberikan dan mendukung Single Page Application yang canggih ketika dikombinasikan dengan <a href=\"https://docs.vuejs.id/v2/guide/single-file-components.html\"><strong>perkakas modern</strong></a> dan <a href=\"https://github.com/vuejs/awesome-vue#components--libraries\"><strong>dukungan pustaka</strong></a>.</p><p>&nbsp;</p><p>sumber:</p><p><a href=\"https://docs.vuejs.id/v2/guide/\">https://docs.vuejs.id</a></p>', '60b5dbfe2ba96.png', 1, 1, 17, '2021-06-01 07:04:30', 1, '2021-06-05 00:53:27', NULL),
(20, 'Apa itu Git ?', '<p>-</p>', 1, '-', '<h2>Apa itu Git ?</h2><figure class=\"image\"><img src=\"https://3.bp.blogspot.com/-ZcUp-f8LtpE/WJhkSmZoDYI/AAAAAAAADzA/yCVxld7RX54uxKKBhY-0pI-TfOqmTaFugCPcB/s1600/git-petanikode.png\" alt=\"Belajar Git untuk Pemula\"></figure><p>&nbsp;</p><p>Git adalah salah satu <i>tool</i> yang sering digunakan dalam proyek pengembangan software.</p><p>Git bahkan menjadi <i>tool</i> yang wajib dipahami oleh programmer, karena banyak digunakan di mana-mana.</p><p>Git adalah salah satu sistem pengontrol versi <i>(Version Control System)</i> pada proyek perangkat lunak yang diciptakan oleh Linus Torvalds.</p><p>Pengontrol versi bertugas mencatat setiap perubahan pada file proyek yang dikerjakan oleh banyak orang maupun sendiri.</p><p>Git dikenal juga dengan <i>distributed revision control</i> (VCS terdistribusi), artinya penyimpanan database Git tidak hanya berada dalam satu tempat saja.</p><p>&nbsp;</p><figure class=\"image\"><img src=\"https://www.petanikode.com/img/git/sistem-git.png\" alt=\"Sistem VSC Terdistribusi\"></figure><p>&nbsp;</p><p>sumber :</p><p><a href=\"https://www.petanikode.com/git-untuk-pemula/\">https://www.petanikode.com</a></p>', '60b5dcb693fad.png', 1, 1, 18, '2021-06-01 07:07:34', 1, '2021-06-05 00:52:27', NULL),
(21, 'Cara Buat Repository Baru di GitHub', '<p>-</p>', 3, 'https://magung.medium.com/cara-buat-repository-baru-di-github-2e366925928b', '<p>-</p>', '60b5dd3e3680c.png', 2, 1, 18, '2021-06-01 07:09:50', 1, '2021-06-05 00:52:40', NULL),
(22, 'Apa itu Docker ?', '<p>-</p>', 1, '-', '<h2>Apa itu Docker?</h2><figure class=\"image\"><img src=\"https://d1.awsstatic.com/acs/characters/Logos/Docker-Logo_Horizontel_279x131.b8a5c41e56b77706656d61080f6a0217a3ba356d.png\" alt=\"Docker-Logo_Horizontel_279x131\"></figure><p>Docker adalah platform perangkat lunak yang memungkinkan Anda membuat, menguji, dan menerapkan aplikasi dengan cepat. Docker mengemas perangkat lunak ke dalam unit standar yang disebut <a href=\"https://aws.amazon.com/id/containers/\">kontainer</a> yang memiliki semua yang diperlukan perangkat lunak agar dapat berfungsi termasuk pustaka, alat sistem, kode, dan waktu proses. Dengan menggunakan Docker, Anda dapat dengan cepat menerapkan dan menskalakan aplikasi ke lingkungan apa pun dan yakin bahwa kode Anda akan berjalan.</p><p>&nbsp;</p><p>sumber :</p><p><a href=\"https://aws.amazon.com/id/docker/\">https://aws.amazon.com/id/docker/</a><br>&nbsp;</p>', '60b5ddd72ced2.png', 1, 1, 19, '2021-06-01 07:12:23', 1, '2021-06-05 00:53:43', NULL),
(23, 'Cara kerja Docker', '<p>-</p>', 1, '-', '<h2>Cara kerja Docker</h2><figure class=\"image\"><img src=\"https://d1.awsstatic.com/Developer%20Marketing/containers/monolith_2-VM-vs-Containers.78f841efba175556d82f64d1779eb8b725de398d.png\" alt=\"monolith_2-VM-vs-Containers\"></figure><p>Docker berfungsi dengan menyediakan cara standar untuk menjalankan kode Anda. Docker adalah sistem operasi untuk kontainer. Mirip dengan cara <a href=\"https://aws.amazon.com/id/ec2/\">mesin virtual</a>&nbsp;memvirtualisasi (menghilangkan kebutuhan untuk secara langsung mengelola) perangkat keras server, kontainer memvirtualisasi sistem operasi server. Docker diinstal di setiap server dan memberikan perintah sederhana yang dapat Anda gunakan untuk membuat, memulai, atau menghentikan kontainer.</p><p>Layanan AWS seperti <a href=\"https://aws.amazon.com/id/fargate/\">AWS Fargate</a>, <a href=\"https://aws.amazon.com/id/ecs/\">Amazon ECS</a>,&nbsp;<a href=\"https://aws.amazon.com/id/eks/\">Amazon EKS</a>, dan <a href=\"https://aws.amazon.com/id/batch/\">AWS Batch</a>&nbsp;mempermudah menjalankan dan mengelola kontainer Docker dalam skala besar.</p>', '60b5de0827ec0.png', 2, 1, 19, '2021-06-01 07:13:12', 1, '2021-06-05 00:53:57', NULL),
(24, 'Apa itu Website ?', '<p>-</p>', 1, '-', '<h2><strong>Apa Itu Website?</strong></h2><p>Website adalah sebuah kumpulan halaman pada suatu domain di internet&nbsp; yang dibuat dengan tujuan tertentu dan saling berhubungan serta dapat diakses secara luas melalui halaman depan (home page) menggunakan sebuah browser menggunakan <a href=\"https://www.niagahoster.co.id/blog/apa-itu-url/\">URL</a> website.</p><p>Sebagai contoh, untuk alamat website Niagahoster adalah <a href=\"https://www.niagahoster.co.id/\"><strong>https://www.niagahoster.co.id</strong></a>, jika diakses maka akan tampil home page seperti gambar di bawah.</p><p>Sedangkan untuk halaman web adalah bagian yang diberi tanda kotak berwarna merah.</p><p>Ketika diklik akan mengarah ke halaman baru berupa informasi yang berbeda dengan home page.</p><figure class=\"image\"><img src=\"https://www.niagahoster.co.id/blog/wp-content/uploads/2018/01/contoh-website.png\" alt=\"website adalah\" srcset=\"https://www.niagahoster.co.id/blog/wp-content/uploads/2018/01/contoh-website.png 1179w, https://www.niagahoster.co.id/blog/wp-content/uploads/2018/01/contoh-website-300x164.png 300w, https://www.niagahoster.co.id/blog/wp-content/uploads/2018/01/contoh-website-768x420.png 768w, https://www.niagahoster.co.id/blog/wp-content/uploads/2018/01/contoh-website-1024x560.png 1024w, https://www.niagahoster.co.id/blog/wp-content/uploads/2018/01/contoh-website-860x470.png 860w, https://www.niagahoster.co.id/blog/wp-content/uploads/2018/01/contoh-website-680x372.png 680w, https://www.niagahoster.co.id/blog/wp-content/uploads/2018/01/contoh-website-500x274.png 500w, https://www.niagahoster.co.id/blog/wp-content/uploads/2018/01/contoh-website-400x219.png 400w, https://www.niagahoster.co.id/blog/wp-content/uploads/2018/01/contoh-website-200x109.png 200w, https://www.niagahoster.co.id/blog/wp-content/uploads/2018/01/contoh-website-50x27.png 50w\" sizes=\"100vw\" width=\"1179\"></figure><p>&nbsp;</p><p>sumber :</p><p><a href=\"https://www.niagahoster.co.id/blog/pengertian-website/\">https://www.niagahoster.co.id/blog/pengertian-website/</a></p>', '60b5de7af300a.png', 1, 1, 20, '2021-06-01 07:15:07', 1, '2021-06-05 00:54:10', NULL),
(25, 'Apa itu Arduino', '<p>-</p>', 1, '-', '<h2>Pengenalan Arduino</h2><p>Arduino adalah sebuah minimum sistem mikrokontroler bersifat open-source yang banyak digunakan untuk membagun sebuah project elektronika. Platform Arduino berisi dua yaitu hardware berupa board dan sebuah software atau IDE (Integrated Development Environment) yang berjalan pada komputer, digunakan untuk menulis dan mengisikan perogram ke board Arduino.<br><br>Platform Arduino menjadi sangat populer bagi orang-orang yang ingin memulai belajar elekronika khususnya mikrokontroler, karena dengan memnggunakan Arduino tidak lagi memerlukan hardware tambahan (sering disebut downloader) untuk mengisikan program kedalam board mikrokontroler, tapi hanya perlu kabel USB saja yang disambungkan dari komputer ke board Arduino. Bahasa pemograman yang dituliskan pada Arduino IDE menggunakan bahasa pemograman C++ yang telah disederhanakan, sehingga dapat lebih mudah dimengerti. Sebuah board Arduino didesain dengan standar bentuk board serta posisi dan susunan pin/port sehingga dapat lebih mudah digunakan dan diakses dengan perangkat lain.<br>&nbsp;</p><figure class=\"image\"><img src=\"https://1.bp.blogspot.com/-ZKUsngYU1h8/XXugB6XyRlI/AAAAAAAAVUg/eEI6iNHf3r4Rlf-VHnG_316HCxktocIswCPcBGAYYCw/s1600/Arduino_uno.png\"></figure><p>Arduino tipe UNO adalah salah satu jenis board dari Arduino yang sangat populer karena merupakan pilihan yang sangat cocok bagi pemula. Pada latihan percobaan yang akan kita praktekan akan mengguanakan board Arduino UNO.</p><figure class=\"image\"><img src=\"https://1.bp.blogspot.com/-HuRMWQ3FIk0/XXuh1Glto3I/AAAAAAAAVU4/kO9MIks18YM6DcZzVX7Sam_71uil62ZpgCLcBGAsYHQ/s1600/Arduino_ide.png\"></figure><p>&nbsp; &nbsp; &nbsp; &nbsp; &nbsp;</p><p>Percaya atau tidak, hanya memerlukan 10 baris kode kamu dapat membuat LED yang berada pada Arduino kamu berkedip. Kode-kode tersebut mungkin kamu belum memahaminya untuk sekarang, tapi setelah membaca dan mengikuti latihan-latihan kamu akan memahami maksud dari kode-kode tersebut atau bahkan dapat mengembangkannya.<br><br>Sejatinya Arduino hardware dan software didesain untuk dapat digunakan oleh seniman, desainer, penggiat hobi, hacker, pemula, dan semua orang yang tertarik untuk membuat sebuah objek interaktif. Arduino dapat berinteraksi dengna tombol, LED, motor, speaker, unit GPS, camera, internet, smartphone atau TV dan masih banyak lagi perangkat yang kamu bisa hubungkan dengan Arduino. Arduino sangat fleksibel untuk bisa membuat berbagai project, dimana software Arduino adalah gratis, dan hardware board juga dengan harga yang sangat terjangkau, keduanya baik hardware dan software mudah untuk dipelajari karena sudah terdapat komunitas besar dari pengguna-pengguna Arduino yang sudah berkontribusi contoh program dan instruksi-intruksi untuk membuat berbagai project elektronika yang dibuat menggunakan board Arduino.<br>&nbsp;</p><p>sumber:</p><p><a href=\"https://www.bluino.com/2019/09/apa-itu-arduino_13.html\">https://www.bluino.com/2019/09/apa-itu-arduino_13.html</a></p>', '60b5def9c10ed.png', 1, 1, 21, '2021-06-01 07:17:13', 1, '2021-06-05 00:54:22', NULL),
(26, 'Building a Calculator App in Flutter', '<p>-</p>', 3, 'https://itnext.io/building-a-calculator-app-in-flutter-824254704fe6', '<p>-</p>', '60b6376bc1cae.png', 3, 0, 6, '2021-06-01 13:34:35', 1, '2021-06-05 00:55:27', NULL),
(27, 'Cara Install Flutter', '<p>-</p>', 3, 'https://medium.com/liqolabs/memulai-dengan-flutter-dan-cara-install-flutter-c598a5e02bfd', '<p>-</p>', '60b638e29a7d6.png', 2, 1, 6, '2021-06-01 13:40:50', 1, '2021-06-05 00:55:05', NULL),
(28, 'Opening Flutter Tutorial by Erico Darmawan Handoyo', '<h2><strong>Flutter Tutorial | Flutter Fundamentals | Belajar Flutter | Flutter Indonesia - Opening</strong></h2><p>&nbsp;</p><p>SUPPORT CHANNEL ERICO DARMAWAN HANDOYO&nbsp;</p><p><a href=\"https://www.youtube.com/redirect?event=video_description&amp;redir_token=QUFFLUhqbDZ3T1hCOC1BazlxX2UtSEVGZGJHTDdkYzlqZ3xBQ3Jtc0trOVBkbUN0dVAtOXJxTjByTjZfOWlLOUltemNnOEgtWnhKVUFDbDVNV1Vjc2NQTHcxekxMRlFBM0NEUjBWY3I1c2pvbVBDRDRHU254ZVdWMUwzNGttU1Z2ZGlFZVBjaWxyYk04Smx5YlQ1WlJ1YzI5OA&amp;q=https%3A%2F%2Fsaweria.co%2Fericodh\">https://saweria.co/ericodh</a>&nbsp;</p><p>Terima kasih semuanya.. Terus semangat belajar yah..&nbsp;</p><p>&nbsp;- Erico Darmawan Handoyo -</p><p>&nbsp;</p><p>&nbsp;</p><p>sumber :</p><p><a href=\"https://www.youtube.com/watch?v=SoX3cel4LRM\">https://www.youtube.com/watch?v=SoX3cel4LRM</a></p>', 2, 'SoX3cel4LRM', '<p>-</p>', '60b65908e506d.png', 3, 1, 6, '2021-06-01 15:58:00', 1, '2021-06-05 12:30:03', NULL),
(29, ' FLUTTER  01. Introduction to Flutter', '<p>FLUTTER 01. Introduction to Flutter | Flutter Tutorial | Learn Flutter | Flutter Indonesia</p><p>FLUTTER INSTALLATION LINK: <a href=\"https://flutter.dev/docs/get-started/...\">https://flutter.dev/docs/get-started/...</a></p><p>sumber:</p><p><a href=\"https://youtu.be/sEbL9bXKI1g\">https://youtu.be/sEbL9bXKI1g</a></p><p>&nbsp;</p>', 2, 'sEbL9bXKI1g', '<p>-</p>', '60b65ae7f0be5.png', 4, 1, 6, '2021-06-01 16:05:59', 1, '2021-06-05 00:56:03', NULL),
(30, 'FLUTTER  02. My First Flutter Application', '<p>FLUTTER 02. My First Flutter Application | Flutter Tutorial | Learn About Flutter | Flutter Indonesia&nbsp;</p><p>sumber :</p><p><a href=\"https://youtu.be/DzzFF-0U2Lw\">https://youtu.be/DzzFF-0U2Lw</a></p>', 2, 'DzzFF-0U2Lw', '<p>-</p>', '60b65b980bc4a.png', 5, 1, 6, '2021-06-01 16:08:56', 1, '2021-06-05 00:56:14', NULL),
(31, 'FLUTTER  03. Text Widget | Flutter Tutorial | Learning Flutter | Flutter Indonesia', '<p>FLUTTER 03. Text Widget | Flutter Tutorial | Learning Flutter | Flutter Indonesia</p><p>sumber:</p><p><a href=\"https://youtu.be/bWtYqzaRw1U\">https://youtu.be/bWtYqzaRw1U</a></p>', 2, 'bWtYqzaRw1U', '<p>-</p>', '60b65c5a46ec4.png', 6, 1, 6, '2021-06-01 16:12:10', 1, '2021-06-05 00:56:26', NULL),
(32, 'Apa itu Unity ?', '<p>-</p>', 1, '', '<h2><strong>Apa itu Unity 3D?</strong>&nbsp;</h2><p>Unity 3D adalah salah satu <i>game</i> engine terbaik yang dikembangkan oleh Unity Technologies dan bersifat <i>cross-platform,</i> artinya anda dapat membuat serta merilis <i>game</i> kita ke berbagai <i>platform</i> terkenal, seperti Windows, Linux, Mac OS, Android, iOs, PS3, PS4, Xbox One, dan lain-lain. Dengan Unity, anda dapat membuat <i>game</i> sesuai keinginan, misalnya 2D dan 3D.</p><p>Pada dasarnya, Unity hanya dikhususkan untuk proses pembuatan <i>game</i> saja. Apabila Anda ingin membuat desain atau <i>modeling assets</i> 3D, maka dapat menggunakan <i>software</i> pihak ketiga yang lain seperti 3ds Max, Blender, dan masih banyak lagi. Unity menawarkan banyak fitur, antara lain <i>Particle FX</i>, <i>Audio reverb zone</i>, 2D <i>sprites maker</i>, <i>Skybox</i>, <i>Ambient lighting</i>, <i>shaders</i>, dan lain-lain. Unity juga mempunyai <i>text editor</i> bernama Mono Develop yang dapat digunakan untuk <i>coding game</i> juga terintegrasi langsung ke Unity Engine, dan <i>assets store</i> untuk mencari 2D / 3D <i>assets</i> yang gratis maupun berbayar.</p><p>Apabila bingung dalam hal scripting, maka Anda dapat mencarinya di situs dokumentasi resmi milik Unity Technologies. Fitur <i>scripting</i> yang ditawarkan oleh Unity, antara lain C# (C-Sharp), Javascript, Boo. Namun, Javascript dan Boo untuk Unity versi terbaru ini sudah ditinggalkan, karena dirasa telah usang (<i>obsolete</i>), sehingga kita dapat menggunakan C# sebagai bahasa pemrograman (<i>scripting</i>) utama dalam proses pengembangan <i>game</i> kita.Unity mempunyai beberapa kelebihan dan kekurangan, apa saja sih? Yuk, ikuti &nbsp;ulasan di bawah ini ya.</p><h4>Kelebihan:</h4><ol><li>Gratis, tidak perlu mengeluarkan biaya. Cukup dengan Unity versi <i>Free</i> (<i>Personal Edition</i>), maka kita sudah bisa membuat karya <i>game</i>.</li><li><i>Cross-platform</i>, artinya <i>project game</i> dapat dirilis ke berbagai <i>platform</i> terkenal.</li><li>UI yang ditawarkan cukup <i>user-friendly</i>, sehingga cocok untuk pemula.</li><li>Banyak fitur yang ditawarkan.</li><li>Dokumentasi atau tutorial yang banyak dan gratis untuk dipelajari resmi dari Unity. Silakan Anda dapat mengunjungi situs dokumentasi resminya.</li><li>Memiliki <i>assets store</i>, di mana kita dapat mencari <i>assets</i> 2D / 3D gratis maupun berbayar.</li><li>Mempunyai <i>text editor</i> bernama Mono Develop. Mirip seperti visual code, Mono Develop ini dapat digunakan untuk <i>coding game</i> dan sudah terintegrasi langsung ke Unity Engine.</li><li>Ringan, yakni bisa dijalankan di PC yang tidak terlalu <i>High-Spec</i>.</li><li>Proses <i>desain level game</i> menjadi lebih mudah. Unity menawarkan banyak alat untuk desain <i>level game</i>, seperti <i>Terrain Editor</i>, <i>Responsive UI Editor</i>, dan masih banyak lagi.</li></ol><h4>Kekurangan:</h4><ol><li>Butuh penyesuaian yang agak kompleks pada saat ingin mengembangkan <i>game</i> 2D tanpa bantuan <i>plugin</i>.</li><li>Perlu penyesuaian mengikuti gaya <i>component based</i>.</li><li><i>Cache memory</i> yang digunakan lumayan banyak.</li></ol><p>&nbsp;</p><p>sumber :</p><p><a href=\"https://www.unisbank.ac.id/v2/berita-fti/mengenal-unity-3d-game-engine-beserta-kelebihan-dan-kekurangannya/\">https://www.unisbank.ac.id/v2/berita-fti/mengenal-unity-3d-game-engine-beserta-kelebihan-dan-kekurangannya/</a></p><p>&nbsp;</p><p>&nbsp;</p>', '60ba2a1c4c16c.png', 1, 1, 23, '2021-06-04 13:26:52', 2, '2021-06-05 00:54:43', NULL),
(33, 'FLUTTER 04. Row dan Column Widget | Tutorial Flutter | Flutter Indonesia', '<p>[ENG SUB] FLUTTER 04. Row dan Column Widget | Tutorial Flutter | Flutter Indonesia&nbsp;</p><p><br>Video tutorial kali ini akan membahas mengenai Row Widget dan Column Widget berserta beberapa property-nya yang umum digunakan. Saya harap video tutorial ini dapat membuat kalian dapat menggunakan Row dan Column ini dengan lebih maksimal. Semoga bermanfaat.</p><p>SUPPORT CHANNEL ERICO DARMAWAN HANDOYO</p><p><a href=\"https://www.youtube.com/redirect?event=video_description&amp;redir_token=QUFFLUhqa2EyOHZ4dHltbmpucUFPTlFLMzBBLWctSVVXd3xBQ3Jtc0tsZ3JmMmNkN1poN191R21nVkxBY2czMElxdzNpbDZZWmpRVFpVOVJpbWV0V2pUZU5oQnBFazJDRVJRZUJuSGo4RnZtd0lXQkp6VlRuOWxDVktVeUVoTXlONl9ZVEpYeU1HMkJhekFvRHZqZ2sySzhqQQ&amp;q=https%3A%2F%2Fsaweria.co%2Fericodh\">https://saweria.co/ericodh</a>&nbsp;<br>&nbsp;</p><p>sumber :</p><p><a href=\"https://youtu.be/QBvjj5PuzLQ\">https://youtu.be/QBvjj5PuzLQ</a></p>', 2, 'QBvjj5PuzLQ', '<p>-</p>', '60ba3de18a0d3.png', 7, 1, 6, '2021-06-04 14:51:13', 2, '2021-06-05 00:57:35', NULL),
(34, 'FLUTTER 05. Container Widget | Tutorial Flutter | Flutter Indonesia', '<p>[ENG SUB] FLUTTER 05. Container Widget | Tutorial Flutter | Flutter Indonesia&nbsp;</p><p>Video tutorial kali ini akan membahas mengenai Container Widget berserta beberapa property-nya yang umum digunakan. Saya harap video tutorial ini dapat membuat kalian dapat menggunakan Container Widget ini dengan lebih maksimal. Semoga bermanfaat.</p><p>&nbsp;SUPPORT CHANNEL ERICO DARMAWAN HANDOYO&nbsp;</p><p><a href=\"https://www.youtube.com/redirect?event=video_description&amp;redir_token=QUFFLUhqbFRTZ0hHbTRqNzA0TjlDbjJWb1JHTVRjcVFIZ3xBQ3Jtc0tuRXByQkZMcEJyWjlpdlAyelh5R0lWZUtsTXNvaUxmOV9JLWpjVEFsNzY4SE1nSThOQ3hxUzkybkZFejI1WTdvWmZvQ0RWTmx1cTFyUzVxaGdhSnhFMUlrcHQ0dmt2WHZuM2FtV0VwS083RE5pbGJIYw&amp;q=https%3A%2F%2Fsaweria.co%2Fericodh\">https://saweria.co/ericodh</a>&nbsp;</p><p>sumber :</p><p><a href=\"https://youtu.be/inlgWTc0Pb4\">https://youtu.be/inlgWTc0Pb4</a></p>', 2, 'inlgWTc0Pb4', '<p>-</p>', '60ba3f3db41c6.png', 8, 1, 6, '2021-06-04 14:57:01', 2, '2021-06-05 00:57:46', NULL),
(35, 'FLUTTER 06. Stateless & Stateful Widget', '<p>[ENG SUB] FLUTTER 06. Stateless &amp; Stateful Widget</p><p>Video tutorial kali ini akan membahas perbedaan Stateless dan Stateful Widget. Selain itu, saya juga akan menjelaskan serta memberikan contoh bagaimana membuat Stateful Widget dalam aplikasi Flutter. Semoga bermanfaat.</p><p>SUPPORT CHANNEL ERICO DARMAWAN HANDOYO</p><p><a href=\"https://www.youtube.com/redirect?event=video_description&amp;redir_token=QUFFLUhqbkY2NWJUc1pWamM4ZE5LbG5Yb09hQkRsMmxkQXxBQ3Jtc0tuZFdVRmhKSXRMNnJXVjVsQndjNHU2dDZEb2ZjaWpPTllnT2pSTTBGSXF1aGlwWkJBajA1WEJlellGZ3FhN3ktcHR2Qk5oNFEtT3NieWp6TFRUdHU2UC1WcHdubHhFeFlJUjFGYlZzRXRyTmxQcGdXNA&amp;q=https%3A%2F%2Fsaweria.co%2Fericodh\">https://saweria.co/ericodh</a>&nbsp;</p><p>&nbsp;</p><p>Terima kasih semuanya.. Terus semangat belajar yah..&nbsp;</p><p>Erico Darmawan Handoyo&nbsp;</p><p>sumber:</p><p><a href=\"https://youtu.be/dNlWzMI6CgY\">https://youtu.be/dNlWzMI6CgY</a></p>', 2, 'dNlWzMI6CgY', '<p>-</p>', '60ba3fae22afc.png', 9, 1, 6, '2021-06-04 14:58:54', 2, '2021-06-05 00:58:15', NULL),
(36, 'FLUTTER 07. Anonymous Method', '<p>[ENG SUB] FLUTTER 07. Anonymous Method</p><p>&nbsp;</p><p>sumber:</p><p><a href=\"https://youtu.be/t-0zsoS9Hus\">https://youtu.be/t-0zsoS9Hus</a></p>', 2, 't-0zsoS9Hus', '<p>-</p>', '60ba4006ac12a.png', 10, 1, 6, '2021-06-04 15:00:22', 2, '2021-06-05 01:03:11', NULL);
INSERT INTO `konten` (`ID`, `nama`, `deskripsi`, `tipe_konten`, `link`, `isi_konten`, `foto`, `urutan`, `aktif`, `kategori`, `created_at`, `created_by`, `updated_at`, `updated_by`) VALUES
(37, 'What is an HTML Element?', '<p>-</p>', 1, '-', '<h2>What is an HTML Element?</h2><p>Apa itu Elemen HTML? Elemen HTML didefinisikan oleh tag awal, beberapa konten, dan tag akhir:</p><figure class=\"image\"><img src=\"https://user-images.githubusercontent.com/50833200/120822637-d251e400-c580-11eb-9980-4f3b297b9e2d.png\" alt=\"Screen Shot 2021-06-04 at 22 03 23\"></figure><p><br>Elemen HTML adalah segalanya mulai dari tag awal hingga tag akhir:</p><p>&lt;h1&gt;My First Heading&lt;/h1&gt;</p><p>&lt;p&gt;My first paragraph.&lt;/p&gt;</p><h2>Nested HTML Elements</h2><p>Elemen HTML dapat bersarang (ini berarti elemen dapat berisi elemen lain).</p><p>Semua dokumen HTML terdiri dari elemen HTML bersarang.</p><p>Contoh berikut berisi empat elemen HTML (&lt;html&gt;, &lt;body&gt;, &lt;h1&gt; dan &lt;p&gt;):</p><figure class=\"image\"><img src=\"https://user-images.githubusercontent.com/50833200/120827142-54440c00-c585-11eb-9a72-c2559ab20d46.png\" alt=\"Screen Shot 2021-06-04 at 22 36 35\"></figure><p>&nbsp;</p><h3>Example Explained</h3><p>Elemen &lt;html&gt; adalah elemen root dan mendefinisikan seluruh dokumen HTML.</p><p>Ini memiliki tag awal &lt;html&gt; dan tag akhir &lt;/html&gt;.</p><p>Kemudian, di dalam elemen &lt;html&gt; ada elemen &lt;body&gt; :</p><figure class=\"image\"><img src=\"https://user-images.githubusercontent.com/50833200/120827460-a4bb6980-c585-11eb-83c5-4337ea53c3d4.png\" alt=\"Screen Shot 2021-06-04 at 22 38 49\"></figure><p>Elemen &lt;body&gt; mendefinisikan tubuh dokumen.</p><p>Ini memiliki tag awal &lt;body&gt; dan tag akhir &lt;/body&gt;.</p><p>Kemudian, di dalam elemen &lt;body&gt; ada dua elemen lainnya: &lt;h1&gt; dan &lt;p&gt;:</p><figure class=\"image\"><img src=\"https://user-images.githubusercontent.com/50833200/120827611-d2081780-c585-11eb-9985-fe295d49951e.png\" alt=\"Screen Shot 2021-06-04 at 22 40 05\"></figure><p>Elemen &lt;h1&gt; mendefinisikan heading.</p><p>Ini memiliki tag awal &lt;h1&gt; dan tag akhir &lt;/h1&gt;:</p><figure class=\"image\"><img src=\"https://user-images.githubusercontent.com/50833200/120827764-fa901180-c585-11eb-9203-b93696987194.png\" alt=\"Screen Shot 2021-06-04 at 22 41 12\"></figure><p>Jangan Lewati Tag Akhir&nbsp;</p><p>Beberapa elemen HTML akan ditampilkan dengan benar, bahkan jika Anda lupa tag akhir:</p><figure class=\"image\"><img src=\"https://user-images.githubusercontent.com/50833200/120827922-26ab9280-c586-11eb-9b32-0486a62911dd.png\" alt=\"Screen Shot 2021-06-04 at 22 42 29\"></figure><p>Namun, jangan pernah mengandalkan ini! Hasil dan kesalahan yang tidak terduga dapat terjadi jika Anda lupa tag akhir!&nbsp;<br>&nbsp;</p><h2>Empty HTML Elements</h2><p>Elemen HTML tanpa konten disebut elemen kosong (Empty HTML Elements).</p><p>Tag &lt;br&gt; mendefinisikan jeda baris, dan merupakan elemen kosong tanpa tag penutup:</p><figure class=\"image\"><img src=\"https://user-images.githubusercontent.com/50833200/120828161-65d9e380-c586-11eb-9596-83a399fbe36f.png\" alt=\"Screen Shot 2021-06-04 at 22 44 14\"></figure><h2>HTML is Not Case Sensitive</h2><p>Tag HTML tidak peka huruf besar/kecil: &lt;P&gt; artinya sama dengan &lt;p&gt;.</p><p>&nbsp;</p><p>Standar HTML tidak memerlukan tag huruf kecil, tetapi <strong>W3C</strong> <strong>merekomendasikan</strong> huruf kecil dalam HTML, dan <strong>menuntut</strong> huruf kecil untuk jenis dokumen yang lebih ketat seperti XHTML.</p><p>&nbsp;</p><p>&nbsp;</p><p>sumber:</p><p><a href=\"https://www.w3schools.com/html/html_intro.asp\">https://www.w3schools.com/html/html_intro.asp</a></p>', '60ba4174c775f.png', 3, 1, 1, '2021-06-04 15:06:28', 2, '2021-06-05 00:59:23', NULL),
(38, 'HTML Editors', '<p>-</p>', 1, '-', '<h2>&nbsp;</h2><h2>HTML Editors</h2><p>Anda hanya perlu editor teks sederhana untuk mempelajari HTML.</p><p>Belajar HTML Menggunakan Notepad atau TextEdit Halaman web dapat dibuat dan dimodifikasi dengan menggunakan editor HTML profesional.</p><p>Namun, untuk mempelajari HTML kami merekomendasikan editor teks sederhana seperti Notepad (untuk PC Windows) atau TextEdit (Mac OS).</p><h2>&nbsp;</h2><h2>Step 1: Open Notepad (PC)</h2><p>Windows 8 atau lebih baru:</p><p>&nbsp;</p><p>Buka <strong>Start Screen</strong> (simbol jendela di kiri bawah layar Anda). Ketik <strong>Notepad</strong>.</p><p>Windows 7 atau sebelumnya:</p><p>Buka <strong>Start</strong> &gt;<strong> Programs &gt;</strong> <strong>Accessories &gt;</strong> <strong>Notepad</strong></p><p>&nbsp;</p><h2><strong>Step 1: Open TextEdit (Mac)</strong></h2><p>Buka <strong>Finder &gt; Applications &gt; TextEdit</strong></p><p>Ubah juga beberapa preferensi agar aplikasi dapat menyimpan file dengan benar. Di <strong>Preferences &gt; Format &gt; </strong>pilih<strong> \"Plain Text\"</strong></p><p>Kemudian di bawah \"Open and Save\", centang kotak yang bertuliskan \"Display HTML files as HTML code instead of formatted text\".</p><p><strong>Kemudian buka dokumen baru untuk menempatkan kode.</strong></p><p>&nbsp;</p><h2><strong>Step 2: Write Some HTML</strong></h2><p><br>Tulis kode HTML berikut ke Notepad:</p><p>&lt;!DOCTYPE html&gt;<br>&lt;html&gt;<br>&lt;body&gt;<br><br>&lt;h1&gt;My First Heading&lt;/h1&gt;<br><br>&lt;p&gt;My first paragraph.&lt;/p&gt;<br><br>&lt;/body&gt;<br>&lt;/html&gt;</p><p><br><br>&nbsp;</p><figure class=\"image\"><img src=\"https://www.w3schools.com/html/img_notepad.png\" alt=\"Notepad\"></figure><h2>Step 3: Save the HTML Page</h2><p>Simpan file di komputer Anda. Pilih <strong>File &gt; Save as </strong>di menu Notepad.</p><p>Beri nama file <strong>\"index.htm\"</strong> dan atur pengkodean ke <strong>UTF-8</strong> (yang merupakan pengkodean pilihan untuk file HTML).</p><h2>Step 4: View the HTML Page in Your Browser</h2><p>Buka file HTML yang disimpan di browser favorit Anda (klik dua kali pada file, atau klik kanan - dan pilih &nbsp;\"Open with\"). Hasilnya akan terlihat seperti ini:</p><figure class=\"image\"><img src=\"https://www.w3schools.com/html/img_chrome.png\" alt=\"View in Browser\"></figure><p>&nbsp;</p><p>sumber:</p><p><a href=\"https://www.w3schools.com/html/html_editors.asp\">https://www.w3schools.com/html/html_editors.asp</a></p>', '60ba43368c22d.png', 2, 1, 1, '2021-06-04 15:13:58', 2, '2021-06-05 00:59:08', NULL),
(39, 'HTML Basic Examples', '<p>-</p>', 1, '-', '<h2>HTML Basic Examples</h2><p>Dalam bab ini kita akan menunjukkan beberapa contoh HTML dasar. Jangan khawatir jika kamu menggunakan tag yang belum Anda pelajari.</p><h2>HTML Documents</h2><p>Dokumen HTML<br>Semua dokumen HTML harus dimulai dengan deklarasi tipe dokumen: &lt;!DOCTYPE html&gt;.</p><p>Dokumen HTML itu sendiri dimulai dengan &lt;html&gt; dan diakhiri dengan &lt;/html&gt;.</p><p>Bagian yang terlihat dari dokumen HTML adalah antara &lt;body&gt; dan &lt;/body&gt;.</p><figure class=\"image\"><img src=\"https://user-images.githubusercontent.com/50833200/120824994-278ef500-c583-11eb-9428-0b411d9fb738.png\" alt=\"Screen Shot 2021-06-04 at 22 21 02\"></figure><p>&nbsp;</p><h2>The &lt;!DOCTYPE&gt; Declaration</h2><p>Deklarasi &lt;!DOCTYPE&gt;<br>Deklarasi &lt;!DOCTYPE&gt; mewakili jenis dokumen, dan membantu browser untuk menampilkan halaman web dengan benar.</p><p>Itu hanya boleh muncul sekali, di bagian atas halaman (sebelum tag HTML apa pun).</p><p>Deklarasi &lt;!DOCTYPE&gt; tidak peka huruf besar/kecil.</p><p>Deklarasi &lt;!DOCTYPE&gt; untuk HTML5 adalah:</p><figure class=\"image\"><img src=\"https://user-images.githubusercontent.com/50833200/120825200-54430c80-c583-11eb-97a2-cd239f95f628.png\" alt=\"Screen Shot 2021-06-04 at 22 22 15\"></figure><h2>HTML Headings</h2><p>Judul HTML Judul HTML didefinisikan dengan tag &lt;h1&gt; hingga &lt;h6&gt;. &lt;h1&gt; mendefinisikan heading yang paling penting. &lt;h6&gt; mendefinisikan heading yang paling tidak penting:</p><figure class=\"image\"><img src=\"https://user-images.githubusercontent.com/50833200/120825325-79d01600-c583-11eb-9228-1f88d6e942cd.png\" alt=\"Screen Shot 2021-06-04 at 22 23 19\"></figure><h2>HTML Paragraphs</h2><p>Paragraf HTML didefinisikan dengan tag &lt;p&gt;:</p><figure class=\"image\"><img src=\"https://user-images.githubusercontent.com/50833200/120825444-9704e480-c583-11eb-9655-c2877d91d584.png\" alt=\"Screen Shot 2021-06-04 at 22 24 00\"></figure><h2>HTML Links</h2><p>Tautan HTML(Links) didefinisikan dengan tag &lt;a&gt;:</p><figure class=\"image\"><img src=\"https://user-images.githubusercontent.com/50833200/120825599-bd2a8480-c583-11eb-801c-3bdd4060832f.png\" alt=\"Screen Shot 2021-06-04 at 22 25 11\"></figure><p>Tujuan tautan ditentukan dalam atribut href. Atribut digunakan untuk memberikan informasi tambahan tentang elemen HTML. Anda akan belajar lebih banyak tentang atribut di bab selanjutnya.</p><h2>HTML Images</h2><p>Gambar HTML didefinisikan dengan tag &lt;img&gt;. File sumber (src), teks alternatif (alt), lebar, dan tinggi disediakan sebagai atribut:</p><figure class=\"image\"><img src=\"https://user-images.githubusercontent.com/50833200/120825749-e519e800-c583-11eb-802f-2fed703cd5b9.png\" alt=\"Screen Shot 2021-06-04 at 22 26 19\"></figure><h2>How to View HTML Source?</h2><p>Pernahkah Anda melihat halaman Web dan bertanya-tanya \"Hei! Bagaimana mereka melakukannya?\"</p><h3>View HTML Source Code:</h3><p><br>Lihat Kode Sumber HTML: Klik kanan di halaman HTML dan pilih \"View Page Source\" (di Chrome) atau \"View Source\" (di Edge), atau yang serupa di browser lain. Ini akan membuka jendela yang berisi kode sumber HTML halaman.</p><h3>Inspect an HTML Element:</h3><p>Periksa Elemen HTML: Klik kanan pada elemen (atau area kosong), dan pilih \"Inspect\" atau \"Inspect Element\" untuk melihat elemen apa yang dibuat (Anda akan melihat HTML dan CSS). Anda juga dapat mengedit HTML atau CSS dengan cepat di panel Elemen atau Gaya yang terbuka..</p><p>&nbsp;</p><p>sumber:</p><p><a href=\"https://www.w3schools.com/html/html_basic.asp\">https://www.w3schools.com/html/html_basic.asp</a></p><p>&nbsp;</p>', '60ba446c912e0.png', 4, 1, 1, '2021-06-04 15:19:08', 2, '2021-06-05 00:59:33', NULL),
(40, 'HTML Attributes', '<p>-</p>', 1, '-', '<h2>HTML Attributes</h2><p>Atribut HTML memberikan informasi tambahan tentang elemen HTML.</p><ul><li>Semua elemen HTML dapat memiliki <strong>attributes</strong></li><li>Atribut memberikan informasi tambahan tentang elemen</li><li>Atribut selalu ditentukan di tag awal</li><li>Atribut biasanya datang dalam pasangan nama/nilai seperti: <strong>name=\"value\"</strong></li></ul><h2>Atribut href</h2><p>Tag &lt;a&gt; mendefinisikan hyperlink. Atribut href menentukan URL halaman yang dituju tautan:</p><figure class=\"image\"><img src=\"https://user-images.githubusercontent.com/50833200/120829268-69219f00-c587-11eb-9893-3f868744b9dd.png\" alt=\"Screen Shot 2021-06-04 at 22 51 29\"></figure><p>Anda akan mempelajari lebih lanjut di<a href=\"https://www.w3schools.com/html/html_links.asp\"> link ini</a>.</p><h2>Atribut src</h2><p>Tag &lt;img&gt; digunakan untuk menyematkan gambar di halaman HTML. Atribut src menentukan jalur ke gambar yang akan ditampilkan:</p><figure class=\"image\"><img src=\"https://user-images.githubusercontent.com/50833200/120829570-bef64700-c587-11eb-9c92-e9136a94402c.png\" alt=\"Screen Shot 2021-06-04 at 22 53 50\"></figure><p>Ada dua cara untuk menentukan URL di atribut src:</p><p><strong>1. Absolute URL</strong> - Tautan ke gambar eksternal yang dihosting di situs web lain. Contoh: src=\"https://www.w3schools.com/images/img_girl.jpg\".</p><p><strong>Notes:</strong> Gambar eksternal mungkin berada di bawah hak cipta. Jika Anda tidak mendapatkan izin untuk menggunakannya, Anda mungkin melanggar undang-undang hak cipta. Selain itu, Anda tidak dapat mengontrol gambar eksternal; itu bisa tiba-tiba dihapus atau diubah.</p><p><strong>2. Relative URL</strong> - Tautan ke gambar yang dihosting di dalam situs web. Di sini, URL tidak menyertakan nama domain. Jika URL dimulai tanpa garis miring, itu akan relatif terhadap halaman saat ini. Contoh: src=\"img_girl.jpg\". Jika URL dimulai dengan garis miring, itu akan menjadi relatif terhadap domain. Contoh: src=\"/images/img_girl.jpg\".</p><p><strong>Tip:</strong> Hampir selalu yang terbaik adalah menggunakan URL relatif. Mereka tidak akan rusak jika Anda mengubah domain.</p><h2>The width and height Attributes</h2><p>Atribut lebar dan tinggi, Tag &lt;img&gt; juga harus berisi atribut lebar dan tinggi, yang menentukan lebar dan tinggi gambar (dalam piksel):</p><figure class=\"image\"><img src=\"https://user-images.githubusercontent.com/50833200/120829954-33c98100-c588-11eb-910f-be5d603c14b9.png\" alt=\"Screen Shot 2021-06-04 at 22 57 08\"></figure><h2>Atribut alt</h2><p>Atribut alt yang diperlukan untuk tag &lt;img&gt; menentukan teks alternatif untuk gambar, jika gambar karena alasan tertentu tidak dapat ditampilkan. Hal ini dapat disebabkan oleh koneksi yang lambat, atau kesalahan pada atribut src, atau jika pengguna menggunakan pembaca layar.</p><figure class=\"image\"><img src=\"https://user-images.githubusercontent.com/50833200/120830107-5a87b780-c588-11eb-8e59-e1e530398d0e.png\" alt=\"Screen Shot 2021-06-04 at 22 58 14\"></figure><p>Anda akan mempelajari lebih lanjut tentang atribut alt di <a href=\"https://www.w3schools.com/html/html_images.asp\">HTML Images chapter</a>.</p><h2>Atribut style</h2><p>Atribut style digunakan untuk menambahkan style ke elemen, seperti warna, font, ukuran, dan lainnya.</p><p>&lt;p style=\"color:red;\"&gt;This is a red paragraph.&lt;/p&gt;</p><p>Anda akan mempelajari lebih lanjut tentang styles di <a href=\"https://www.w3schools.com/html/html_styles.asp\">HTML Styles chapter</a>.</p><h2>Atribut lang</h2><p>Anda harus selalu menyertakan atribut lang di dalam tag &lt;html&gt;, untuk mendeklarasikan bahasa halaman Web.&nbsp;</p><p>Ini dimaksudkan untuk membantu mesin pencari dan browser.</p><p>Contoh berikut menentukan bahasa Inggris sebagai bahasa:</p><p>&lt;!DOCTYPE html&gt;<br>&lt;html lang=\"en\"&gt;<br>&lt;body&gt;<br>...<br>&lt;/body&gt;<br>&lt;/html&gt;</p><p>Kode negara juga dapat ditambahkan ke kode bahasa di atribut lang. Jadi, dua karakter pertama menentukan bahasa halaman HTML, dan dua karakter terakhir menentukan negara.</p><p>Contoh berikut menentukan bahasa Inggris sebagai bahasa dan Amerika Serikat sebagai negara:</p><p>&lt;!DOCTYPE html&gt;<br>&lt;html lang=\"en-US\"&gt;<br>&lt;body&gt;<br>...<br>&lt;/body&gt;<br>&lt;/html&gt;</p><p>Anda dapat melihat semua kode bahasa di <a href=\"https://www.w3schools.com/tags/ref_language_codes.asp\">HTML Language Code Reference</a>.</p><h2>Atribut title</h2><p>Atribut title mendefinisikan beberapa informasi tambahan tentang suatu elemen.</p><p>Nilai atribut title akan ditampilkan sebagai tooltip saat Anda mengarahkan mouse ke elemen:</p><p>&lt;p title=\"I m a tooltip\"&gt;This is a paragraph.&lt;/p&gt;</p><h2>Kami Sarankan: Selalu Gunakan Atribut Huruf Kecil (Lowercase)</h2><p>Standar HTML tidak memerlukan nama atribut huruf kecil.</p><p>Atribut title (dan semua atribut lainnya) dapat ditulis dengan huruf besar atau kecil seperti <strong>title</strong> atau <strong>TITLE</strong>.</p><p>Namun, W3C <strong>merekomendasikan</strong> atribut huruf kecil dalam HTML, dan <strong>menuntut</strong> atribut huruf kecil untuk jenis dokumen yang lebih ketat seperti XHTML.</p><p>&nbsp;</p><p>sumber:</p><p><a href=\"https://www.w3schools.com/html/html_attributes.asp\">https://www.w3schools.com/html/html_attributes.asp</a></p>', '60ba4e0150b50.png', 5, 1, 1, '2021-06-04 16:00:01', 2, '2021-06-05 00:59:44', NULL),
(42, 'FLUTTER 09. List & ListView', '<h2>FLUTTER 09. List &amp; ListView&nbsp;</h2><p>Video tutorial ini akan membahas perbedaan Column dan ListView Widget.&nbsp;</p><p>Selain itu, saya juga akan memberikan contoh penggunaan List dalam bahasa pemrograman Dart.&nbsp;</p><p>Semoga bermanfaat.&nbsp;</p><p>&nbsp;</p><p>SUPPORT CHANNEL ERICO DARMAWAN HANDOYO</p><p><a href=\"https://www.youtube.com/redirect?event=video_description&amp;redir_token=QUFFLUhqbXZvbG9xR3BwVXVCNFA5NnVCazVkazBwT3R0UXxBQ3Jtc0ttbFNZbEY4dkMyczg4bUFqSDNTUy13eFdFQzJyR3MyS0REel9ON0FKb2EzY2wtUDVhQW50ZjF1RHZvNHRnLV84TkIybENkYzMzNk1lTFpHdGhUbjRTQXJBYkxJSFdhNWlJMGlVZUJJdlMzNkh5UEtUNA&amp;q=https%3A%2F%2Fsaweria.co%2Fericodh\">https://saweria.co/ericodh</a>&nbsp;</p><p>Terima kasih semuanya..&nbsp;</p><p>Terus semangat belajar yah..&nbsp;</p><p>- Erico Darmawan Handoyo -</p><p>&nbsp;</p><p>sumber:</p><p><a href=\"https://youtu.be/QSpSKTcR44s\">https://youtu.be/QSpSKTcR44s</a></p>', 2, 'QSpSKTcR44s', '<p>-</p>', '', 11, 1, 6, '2021-06-05 12:24:23', 1, '2021-06-05 12:25:25', NULL),
(43, 'Apa itu Program ?', '<p>-</p>', 1, '', '<h2>Menurut KBBI&nbsp;</h2><h2>program <i>[prog·ram]</i></h2><p><i>Kata Nomina (kata benda)</i></p><ol><li>rancangan mengenai asas serta usaha (dalam ketatanegaraan, perekonomian, dan sebagainya) yang akan dijalankan<br>contoh: <i>beberapa partai menyetujui <strong>program</strong> pemerintah</i></li><li>urutan perintah yang diberikan pada komputer untuk membuat fungsi atau tugas tertentu;</li></ol>', '', 12, 1, 26, '2021-06-05 12:55:46', 1, NULL, NULL),
(44, 'Apa Itu Programmer?', '<p>-</p>', 1, '-', '<h2>Apa itu Programmer ?</h2><p>&nbsp;</p><p>Orang-orang yang membuat atau mengembangkan aplikasi maupun website disebut denga julukan <i><strong>Programmer. &nbsp;</strong>atau orang yang membuat suatu program itu lah <strong>Programmer.</strong></i></p>', '', 13, 1, 26, '2021-06-05 13:00:18', 1, NULL, NULL),
(45, 'Teknologi & Bahasa Pemrograman untuk membuat Website', '<p>-</p>', 1, '-', '<h2>Teknologi &amp; Bahasa Pemrograman untuk membuat Website</h2><ol><li>HTML</li><li>CSS</li><li>Javascript</li><li>PHP</li><li>Java</li><li>Dart</li><li>Flutter</li><li>React Native</li><li>React JS</li><li>Vue JS</li><li>Codeigniter</li><li>Laravel</li><li>Wordpress, dan lain-lain</li></ol>', '', 14, 1, 20, '2021-06-05 16:02:44', 1, NULL, NULL),
(46, 'CSS Syntax', '<p>-</p>', 1, '-', '<h2>CSS Syntax</h2><p>CSS adalah bahasa yang kita gunakan untuk menata sebuah dokumen HTML.\r\n</p><p>\r\nCSS menjelaskan bagaimana elemen HTML harus ditampilkan.</p><figure class=\"image\"><img src=\"https://www.w3schools.com/css/img_selector.gif\" alt=\"CSS selector\"></figure><p>Blok deklarasi(<strong>Declaration</strong>) berisi satu atau lebih deklarasi yang dipisahkan oleh titik koma.</p><p>Setiap deklarasi menyertakan nama properti (<strong>Property</strong>) CSS dan nilai(<strong>Value</strong>), dipisahkan oleh titik dua (<strong>;</strong>).</p><p>Beberapa deklarasi CSS dipisahkan dengan titik koma, dan blok deklarasi dikelilingi oleh kurung kurawal (<strong>{}</strong>).</p><p>Dalam contoh ini semua elemen <strong>&lt;p&gt;</strong> akan dirata tengahkan, dengan warna teks merah:</p><figure class=\"image\"><img src=\"https://user-images.githubusercontent.com/50833200/120898049-7906b500-c653-11eb-8aba-ae0788347f91.png\" alt=\"Screen Shot 2021-06-05 at 23 11 54\"></figure><p>p {<br>&nbsp;&nbsp;color: red;<br>&nbsp;&nbsp;text-align: center;<br>}</p><p>untuk mencoba silakan buka link berikut</p><p>&nbsp;</p><p><a href=\"https://www.w3schools.com/css/css_syntax.asp\">https://www.w3schools.com/css/css_syntax.asp</a></p><p>\r\n</p><p>\r\n</p>', '', 15, 1, 9, '2021-06-05 16:14:52', 1, NULL, NULL),
(47, 'CSS Framework', '<p>-</p>', 1, '-', '<h2>CSS Framework</h2><ol><li><a href=\"https://getbootstrap.com/\"><strong>Bootstrap</strong></a></li><li><a href=\"https://get.foundation/\"><strong>Foundation</strong></a></li><li><a href=\"https://bulma.io/\"><strong>Bulma</strong></a></li><li><a href=\"https://semantic-ui.com/\"><strong>Semantic UI</strong></a></li><li><a href=\"https://getuikit.com/\"><strong>UIKit</strong></a></li><li><a href=\"https://materializecss.com/\"><strong>Materialize CSS</strong></a></li><li><a href=\"https://milligram.io/\"><strong>Milligram</strong></a></li><li><a href=\"https://purecss.io/\"><strong>PureCSS</strong></a></li><li><a href=\"http://getskeleton.com/\"><strong>Skeleton</strong></a></li><li><a href=\"https://tailwindcss.com/\"><strong>Tailwind</strong></a><strong>,</strong> dan masih banyak lagi</li></ol><p>referensi :</p><p><a href=\"https://www.niagahoster.co.id/blog/css-framework-terbaik/\">https://www.niagahoster.co.id/blog/css-framework-terbaik/</a></p>', '', 16, 1, 9, '2021-06-05 16:39:43', 1, NULL, NULL),
(48, 'Javascript Framework', '<p>-</p>', 1, '-', '<h2>Javascript Framework</h2><p>Berikut beberapa Framework yang menggunakan bahasa pemrograman Javascript</p><ol><li><a href=\"https://angular.io/\"><strong>Angular</strong></a></li><li><a href=\"https://reactjs.org/\"><strong>React</strong></a></li><li><a href=\"https://vuejs.org/\"><strong>Vue.js</strong></a></li><li><a href=\"https://www.emberjs.com/\"><strong>Ember.js</strong></a></li><li><a href=\"https://www.meteor.com/\"><strong>Meteor</strong></a></li><li><a href=\"https://mithril.js.org/\"><strong>Mithril </strong></a>dan masih banyak lagi</li></ol><p>referensi:</p><p><a href=\"https://hackr.io/blog/best-javascript-frameworks\">https://hackr.io/blog/best-javascript-frameworks</a></p>', '', 17, 1, 10, '2021-06-05 16:46:11', 1, NULL, NULL),
(49, 'PHP Frameworks', '<p>-</p>', 1, '-', '<h2><strong>Framework PHP Terbaik untuk membuat Aplikasi Website</strong></h2><p>Berikut beberapa Framework PHP yang lagi trend:</p><ol><li><a href=\"https://laravel.com/\"><strong>Laravel</strong></a></li><li><a href=\"https://symfony.com/\"><strong>Symfony</strong></a></li><li><a href=\"https://codeigniter.com/\">CodeIgniter</a></li><li><a href=\"https://framework.zend.com/\">Zend Framework</a></li><li><a href=\"https://www.fuelphp.com/\">FuelPHP</a></li><li><a href=\"https://www.slimframework.com/\">Slim</a></li><li><a href=\"https://phalconphp.com/\">Phalcon</a></li><li><a href=\"https://github.com/forcedotcom/aura\">Aura</a></li><li><a href=\"https://www.yiiframework.com/\">Yii 2</a></li><li><a href=\"https://cakephp.org/\">CakePHP</a></li></ol><p>&nbsp;</p><p>referensi:</p><p><a href=\"https://hackr.io/blog/best-php-frameworks\">https://hackr.io/blog/best-php-frameworks</a></p>', '', 18, 1, 2, '2021-06-05 16:52:54', 1, NULL, NULL),
(50, 'Java Framework', '<p>-</p>', 1, '-', '<h2>Framework Java&nbsp;</h2><p>Berikut beberapa list framework Java</p><ol><li>Spring</li><li>Struts</li><li>Hibernate</li><li>Apache Wicket</li><li>JSF (Java Server Faces)</li><li>Dropwizard</li><li>Grails</li><li>ATG</li><li>Play</li><li>Apache Hadoop</li><li>GWT</li><li>Vaadin</li><li>Spark</li><li>OpenXava</li><li>Vert.X</li><li>Tapestry</li><li>Jersey</li><li>OSGi</li><li>Drools</li><li>MyBatis</li><li>Apache Mina</li></ol><p>&nbsp;</p><p>referensi:</p><p><a href=\"https://hackr.io/blog/java-frameworks\">https://hackr.io/blog/java-frameworks</a></p><p><br>&nbsp;</p>', '', 19, 1, 4, '2021-06-05 17:00:11', 1, NULL, NULL),
(51, 'Kenapa Harus Mempelajari Kotlin?', '<p>-</p>', 1, '-', '<h2><strong>Kenapa Harus Mempelajari Kotlin?</strong></h2><ol><li>Open Source</li><li>Mudah Dipelajari</li><li>Perusahaan Banyak yang Memakai Kotlin</li><li>Bahasanya Simpel dan Ringkas</li><li>Kotlin Lebih Ringan daripada Java&nbsp;</li><li>Lebih Aman dari Kesalahan Error</li><li>Terintegrasi dengan Android Studio</li><li>Interoperable</li><li>Kotlin Tidak Hanya untuk Android</li></ol><p>&nbsp;</p><p>referensi:</p><p><a href=\"https://www.dicoding.com/blog/apa-itu-kotlin-kenapa-kita-harus-mempelajari-kotlin/\">https://www.dicoding.com/blog/apa-itu-kotlin-kenapa-kita-harus-mempelajari-kotlin/</a></p>', '', 20, 1, 7, '2021-06-05 17:04:17', 1, NULL, NULL),
(52, 'Tipe Database', '<p>-</p>', 1, '-', '<h2><strong>Tipe Database</strong></h2><figure class=\"image\"><img src=\"https://www.dicoding.com/blog/wp-content/uploads/2020/05/Tumisu-dari-Pixabay-1024x729.png\" alt=\"Macam-macam Database\" srcset=\"https://www.dicoding.com/blog/wp-content/uploads/2020/05/Tumisu-dari-Pixabay-1024x729.png 1024w, https://www.dicoding.com/blog/wp-content/uploads/2020/05/Tumisu-dari-Pixabay-300x214.png 300w, https://www.dicoding.com/blog/wp-content/uploads/2020/05/Tumisu-dari-Pixabay-768x547.png 768w, https://www.dicoding.com/blog/wp-content/uploads/2020/05/Tumisu-dari-Pixabay-370x263.png 370w, https://www.dicoding.com/blog/wp-content/uploads/2020/05/Tumisu-dari-Pixabay-770x548.png 770w, https://www.dicoding.com/blog/wp-content/uploads/2020/05/Tumisu-dari-Pixabay-70x50.png 70w, https://www.dicoding.com/blog/wp-content/uploads/2020/05/Tumisu-dari-Pixabay.png 1280w\" sizes=\"100vw\" width=\"900\"></figure><ol><li>Operational Database</li><li>Analytical Database</li><li>Data Warehouse</li><li>Distributed Database</li><li>End-User Database</li><li>Real-Time Database</li><li>Relational Database</li><li>External Database</li><li>Navigational Database</li><li>Hypermedia Database</li><li>In Memory Database</li><li>Document Oriented Database</li></ol><p>&nbsp;</p><p>referensi:</p><p><a href=\"https://www.dicoding.com/blog/tipe-database/\">https://www.dicoding.com/blog/tipe-database/</a></p><p><br>&nbsp;</p>', '', 21, 1, 14, '2021-06-05 17:08:55', 1, NULL, NULL),
(53, 'MySql', '<p>-</p>', 1, '-', '<h2>MySql</h2><p><strong>MySQL</strong> adalah sebuah <a href=\"https://id.wikipedia.org/wiki/Perangkat_lunak\">perangkat lunak</a> sistem manajemen <a href=\"https://id.wikipedia.org/wiki/Basis_data\">basis data</a> <a href=\"https://id.wikipedia.org/wiki/SQL\">SQL</a> (<a href=\"https://id.wikipedia.org/wiki/Bahasa_Inggris\">bahasa Inggris</a>: <i>database management system</i>) atau DBMS yang <a href=\"https://id.wikipedia.org/w/index.php?title=Multialur&amp;action=edit&amp;redlink=1\">multialur</a>, <a href=\"https://id.wikipedia.org/wiki/Multipengguna\">multipengguna</a>, dengan sekitar 6 juta instalasi di seluruh dunia. <a href=\"https://id.wikipedia.org/w/index.php?title=MySQL_AB&amp;action=edit&amp;redlink=1\">MySQL AB</a> membuat MySQL tersedia sebagai <a href=\"https://id.wikipedia.org/wiki/Perangkat_lunak_gratis\">perangkat lunak gratis</a> di bawah lisensi <a href=\"https://id.wikipedia.org/wiki/GNU_General_Public_License\">GNU General Public License</a> (GPL), tetapi mereka juga menjual di bawah lisensi komersial untuk kasus-kasus di mana penggunaannya tidak cocok dengan penggunaan GPL.</p><p>Tidak sama dengan proyek-proyek seperti <a href=\"https://id.wikipedia.org/wiki/Apache_HTTP_Server\">Apache</a>, di mana perangkat lunak dikembangkan oleh komunitas umum, dan <a href=\"https://id.wikipedia.org/wiki/Hak_cipta\">hak cipta</a> untuk kode sumber dimiliki oleh penulisnya masing-masing, MySQL dimiliki dan disponsori oleh sebuah perusahaan komersial <a href=\"https://id.wikipedia.org/wiki/Swedia\">Swedia</a> <a href=\"https://id.wikipedia.org/w/index.php?title=MySQL_AB&amp;action=edit&amp;redlink=1\">MySQL AB</a>, di mana memegang hak cipta hampir atas semua kode sumbernya. Kedua orang Swedia dan satu orang <a href=\"https://id.wikipedia.org/wiki/Finlandia\">Finlandia</a> yang mendirikan MySQL AB adalah: <a href=\"https://id.wikipedia.org/w/index.php?title=David_Axmark&amp;action=edit&amp;redlink=1\">David Axmark</a>, <a href=\"https://id.wikipedia.org/w/index.php?title=Allan_Larsson&amp;action=edit&amp;redlink=1\">Allan Larsson</a>, dan <a href=\"https://id.wikipedia.org/w/index.php?title=Michael_(Monty)_Widenius&amp;action=edit&amp;redlink=1\">Michael \"Monty\" Widenius</a>.</p><p>&nbsp;</p><p>sumber:</p><p><a href=\"https://id.wikipedia.org/wiki/MySQL\">https://id.wikipedia.org/wiki/MySQL</a></p>', '', 22, 1, 14, '2021-06-05 17:10:33', 1, NULL, NULL),
(54, 'Bahasa Pemrograman untuk Membuat Android', '<p>-</p>', 1, '-', '<h2><strong>Bahasa Pemrograman Android</strong></h2><ol><li><a href=\"https://www.java.com/\"><strong>Java</strong></a></li><li><a href=\"https://www.cplusplus.com/\"><strong>C++</strong></a></li><li><a href=\"https://kotlinlang.org/\"><strong>Kotlin</strong></a></li><li><a href=\"https://dart.dev/\"><strong>Dart</strong></a></li><li><a href=\"https://docs.microsoft.com/en-us/dotnet/csharp/\"><strong>C# (Csharp)</strong></a></li><li><a href=\"https://www.javascript.com/\"><strong>JavaScript</strong></a></li><li><a href=\"https://www.typescriptlang.org/\"><strong>TypeScript</strong></a></li></ol><p>&nbsp;</p><p>referensi:</p><p><a href=\"https://badoystudio.com/bahasa-pemrograman-android/\"><strong>https://badoystudio.com/bahasa-pemrograman-android/</strong></a></p>', '', 23, 1, 11, '2021-06-05 17:18:19', 1, NULL, NULL),
(55, 'Cara mudah install React JS', '<p>-</p>', 1, '-', '<h2><strong>Cara mudah install React JS</strong></h2><p>&nbsp;</p><h3><strong>Install nodeJS</strong></h3><p>caranya <i>download</i> installernya di <a href=\"https://nodejs.org/\">https://nodejs.org/</a></p><p>setelah selesai install nodejs, buka CMD / DOS / Terminal, ketik<br><strong>npm -v</strong></p><figure class=\"image\"><img src=\"https://user-images.githubusercontent.com/50833200/120900272-35657880-c65e-11eb-9803-e6de6bac0ec4.png\" alt=\"Screen Shot 2021-06-06 at 00 25 43\"></figure><h3><strong>Install create-react-app</strong></h3><p>tentukan lokasi install react, misalkan kalau di windows D:/belajar-react/ (buat folder tersebut kalau belum ada)<br>ketik di<strong> CMD/DOS</strong><br><strong>cd belajar-react</strong><br>jika posisi sudah di folder tersebut, ketikkan perintah</p><p><strong>npm install -g create-react-app</strong></p><p>untuk cek sukses / tidak, ketikan perintah:</p><p><strong>create-react-app --version</strong></p><figure class=\"image\"><img src=\"https://user-images.githubusercontent.com/50833200/120900275-38606900-c65e-11eb-81c6-df3503d65ad0.png\" alt=\"Screen Shot 2021-06-06 at 00 26 06\"></figure><figure class=\"image\"><img src=\"https://user-images.githubusercontent.com/50833200/120900280-3bf3f000-c65e-11eb-9ed2-251b9582672b.png\" alt=\"Screen Shot 2021-06-06 at 00 26 44\"></figure><h3><strong>Buat project react js</strong></h3><p>ketikkan perintah</p><p><strong>create-react-app web-reactku&nbsp;</strong></p><figure class=\"image\"><img src=\"https://user-images.githubusercontent.com/50833200/120900286-44e4c180-c65e-11eb-9476-9bfbe634607c.png\" alt=\"Screen Shot 2021-06-06 at 00 28 41\"></figure><p>kemudian</p><p><strong>cd web-reactku&nbsp;</strong></p><p><strong>npm start</strong></p><p>tunggu sebentar, nanti otomatis buka halaman web dengan alamat localhost:3000</p><figure class=\"image\"><img src=\"https://user-images.githubusercontent.com/50833200/120900527-51b5e500-c65f-11eb-8194-8b7d18a90700.png\" alt=\"Screen Shot 2021-06-06 at 00 33 30\"></figure><figure class=\"image\"><img src=\"https://user-images.githubusercontent.com/50833200/120900529-537fa880-c65f-11eb-98c1-5514890d023c.png\" alt=\"Screen Shot 2021-06-06 at 00 34 50\"></figure><p>referensi:</p><p><a href=\"https://reactjs.org/\">https://reactjs.org/</a></p><p><a href=\"https://rasupe.com/cara-mudah-install-react-js-dengan-cepat/\">https://rasupe.com/cara-mudah-install-react-js-dengan-cepat/</a></p><p>&nbsp;</p><p>&nbsp;</p>', '', 24, 1, 15, '2021-06-05 17:27:47', 1, '2021-06-05 17:38:56', NULL),
(56, 'Instalasi Vue.JS', '<p>-</p>', 3, 'https://docs.vuejs.id/v2/guide/installation.html', '<p>-</p>', '', 25, 1, 17, '2021-06-05 17:40:30', 1, NULL, NULL),
(57, 'Alasan Mengapa Kamu Harus Menjadi Programmer', '<p>-</p>', 1, '-', '<h2>Alasan Mengapa Harus Menjadi Programmer</h2><p>Berikut alasan mengapa harus jadi programmer :</p><h3><strong>Menguasai berbagai macam bahasa pemrograman</strong></h3><p>Dalam dunia pekerjaan, menguasai bahasa Inggris tentunya sudah menjadi hal lumrah bagi sebagian besar orang, tetapi dalam dunia programming, menguasai berbagai bahasa pemrograman merupakan kehebatan tersendiri bagi programmer.&nbsp;</p><p>Ada berbagai bahasa pemrograman yang meliputi Pascal, C++, C, HTML, JavaScript, Phyton, dan lain sebagainya yang dapat difokuskan satu per satu sampai ke tingkat advance.&nbsp;</p><p>Semakin banyak bahasa pemrograman yang dikuasi programmer, maka skill yang dimiliki semakin mumpuni dan banyak dicari oleh perusahaan-perusahaan besar.</p><h2><strong>Bermanfaat Bagi Diri Sendiri dan Orang Banyak</strong></h2><p>Apakah pernah membayangkan hidup di zaman sekarang tetapi tidak ada programmer?&nbsp;</p><p>Bukan hanya repot dalam urusan komunikasi, tetapi banyak hal yang seharusnya bisa dilakukan dengan cepat dan efisien, justru memakan waktu lebih lama.&nbsp;</p><p>Contoh, seorang programmer mampu menciptakan alat komunikasi super cepat berupa email dan instant messenger. Aplikasi ini bahkan dapat kita unduh di smartphone dan dapat dengan mudah digunakan oleh banyak orang untuk berkomunikasi.</p><h2><strong>Membuka Banyak Sumber Pendapatan</strong></h2><p>Tidak bisa dipungkiri bahwa menjadi programmer memiliki banyak sumber pendapatan. Hal ini dikarenakan mereka mampu menciptakan sebuah aplikasi yang dapat mereka tawarkan ke perusahaan-perusahaan besar.&nbsp;</p><p>Mereka juga mampu menciptakan website jual beli, menciptakan aplikasi gratis yang dapat memuat iklan, dan masih banyak lagi.&nbsp;</p><p>Dalam dunia pekerjaan pun, seorang programmer dibayar dengan gaji di atas rata-rata, dan sebagian dari mereka juga bekerja sebagai freelancer yang tidak mengandalkan satu perusahaan saja sebagai sumber pendapatannya. Terlebih lagi, peluang untuk dilirik perusahaan sekelas <strong>Google</strong> pun tidak menutup kemungkinan akan menghampiri mereka.</p><h3><strong>Memiliki Prospek Karir Panjang</strong></h3><p>Prospek karir seorang programmer sangat cerah sebab Kamu bisa bekerja secara independen atau perusahaan. Ada banyak perusahaan yang membutuhkan jasa programmer profesional.</p><h3><strong>Sumber Pendapatan Penghasilan Fantastis</strong></h3><p>Sumber uang seorang programmer bisa dari mana saja, misalnya Kamu bekerja pada perusahaan, membuat website, membuat aplikasi gratis yang memuat iklan, dan lain-lain.</p><p>&nbsp;</p><p>sumber:</p><p><a href=\"https://blog.hacktiv8.com/tiga-alasan-mengapa-kamu-harus-menjadi-programmer/\">https://blog.hacktiv8.com/tiga-alasan-mengapa-kamu-harus-menjadi-programmer/</a></p><p><a href=\"https://www.renesia.com/10-alasan-jadi-programmer/\">https://www.renesia.com/10-alasan-jadi-programmer/</a></p>', '', 26, 1, 26, '2021-06-05 17:48:37', 1, '2021-06-05 17:49:09', NULL),
(58, 'Apa itu Codeigniter ?', '<p>-</p>', 1, '-', '<h2>Apa itu Codeigniter ?</h2><figure class=\"image\"><img src=\"https://upload.wikimedia.org/wikipedia/commons/4/4b/CodeIgniterLogo.png\" alt=\"CodeIgniter logo\"></figure><p><strong>CodeIgniter</strong> merupakan aplikasi <a href=\"https://id.wikipedia.org/wiki/Sumber_terbuka\">sumber terbuka</a> yang berupa kerangka kerja / framework PHP dengan model <a href=\"https://id.wikipedia.org/wiki/MVC\">MVC</a> (Model, View, Controller) untuk membangun <a href=\"https://id.wikipedia.org/wiki/Situs_web\">situs web</a> dinamis dengan menggunakan <a href=\"https://id.wikipedia.org/wiki/PHP\">PHP</a>.&nbsp;</p><p>CodeIgniter memudahkan pengembang web untuk membuat aplikasi web dengan cepat dan mudah dibandingkan dengan membuatnya dari awal. CodeIgniter dirilis pertama kali pada <a href=\"https://id.wikipedia.org/wiki/28_Februari\">28 Februari</a> 2006.</p><p>Untuk penjelasan lebih lengkapnya di <a href=\"https://id.wikipedia.org/wiki/CodeIgniter\">https://id.wikipedia.org/wiki/CodeIgniter</a> atau dengan mengunjungi situs resmi Codeigniter di <a href=\"https://codeigniter.com/\">https://codeigniter.com/</a></p>', '', 27, 1, 25, '2021-06-06 03:59:16', 1, '2021-06-06 04:03:10', NULL),
(59, 'Cara programmer mencari uang', '<h2>Cara Programmer Mencari Uang Selain Bekerja di Perusahaan</h2><p>Bosen kerja sebagai karyawan?&nbsp;</p><p>Tapi juga pengen jadi programmer?&nbsp;</p><p>Ada banyak cara yang bisa dilakukan untuk menghasilkan uang sebagai seorang programmer, gak harus kerja di startup ataupun perusahaan korporasi.&nbsp;</p><p>Simak video berikut ini agar bisa memberikan pencerahan kepada kalian bahwa peluang sebagai programmer masih banyak banget.&nbsp;</p><p>Jangan lupa klik like dan subscribe ya agar kami bisa terus berjuang dalam misi digital literasi di Indonesia.&nbsp;</p><p>I love you all!&nbsp;</p><p>Instagram:&nbsp;</p><p><a href=\"https://www.youtube.com/redirect?event=video_description&amp;redir_token=QUFFLUhqbFlPZG5QbzFidzVxcHV4Uk5tblFYa2VwLXk2QXxBQ3Jtc0trajFkdlFkRjMtUjFoSWRmX0RCc1AxaUpOaWZQV1hhSE9WRXVvOWxhb3ozTmVSOVRXUGhIUGZmaWRzc3YzX1pKNEtqNkpqY0V0WEFQNjlXcmtsS2VVTHM1RUdRUkJWRUtZRUszRXUwVVdQMjVGd1NCQQ&amp;q=https%3A%2F%2Fwww.instagram.com%2Fsaga.tech%2F\">https://www.instagram.com/saga.tech/</a>&nbsp;</p><p>Facebook:&nbsp;</p><p><a href=\"https://www.youtube.com/redirect?event=video_description&amp;redir_token=QUFFLUhqbWVLWjBDZHlBY29HaVRROHZmaHdOR21OSnU3UXxBQ3Jtc0trQXkzRlVRRXlMZjRlSE85OGVzNThVSHUzZW44dm9pQUZVWV9SdkhVYjdsNjFVVVJLUDkxNE16N2pJcHhqdGN5Y05JMTlRbVBIeE53NEFuZ3pvemdJTmhDVHUyQ3N1aHhNLTYwNFJRWVZkcjZCNGlaVQ&amp;q=https%3A%2F%2Fwww.facebook.com%2Fsaga.studio\">https://www.facebook.com/saga.studio</a></p><p>link youtube :</p><p><a href=\"https://youtu.be/FKU6c8VS9Co\">https://youtu.be/FKU6c8VS9Co</a></p>', 2, 'FKU6c8VS9Co', '<p>-</p>', '', 28, 0, 26, '2021-06-06 14:32:29', 1, '2021-06-06 14:51:56', NULL),
(60, 'FLUTTER 10. AnimatedContainer & GestureDetector ', '<h2>FLUTTER 10. AnimatedContainer &amp; GestureDetector&nbsp;</h2><p>Video tutorial kali ini akan membahas mengenai AnimatedContainer, yaitu Container yang dapat melakukan animasi secara otomatis terhadap perubahan pada dirinya. Namun selain itu, saya juga akan membahas cara penggunaan GestureDetector. Saya harap video tutorial ini dapat berguna bagi kalian dalam mengembangkan aplikasi Android dengan Flutter.&nbsp;</p><p>SUPPORT CHANNEL ERICO DARMAWAN HANDOYO</p><p><a href=\"https://www.youtube.com/redirect?event=video_description&amp;redir_token=QUFFLUhqbUdYVDhCb1AySDhBVGppRnYyeWw3cU8xLVA3Z3xBQ3Jtc0tsLTA5Szk1S1M5cDRoVUthU3N1a1QtUWdqQzRHU2RQdG5TYzQyVG1HNmNRdzZTQjhfMGdGekVqYU1NZV85T2xfWmwwblhwRktFbFhqOFhPVWZqaDlqOXVPckFaRGphdlJDeE9xb1JULU56WVNqdjB4RQ&amp;q=https%3A%2F%2Fsaweria.co%2Fericodh\">https://saweria.co/ericodh</a>&nbsp;</p><p>Terima kasih semuanya.. Terus semangat belajar yah..&nbsp;</p><p>- Erico Darmawan Handoyo -</p><p>sumber:</p><p><a href=\"https://youtu.be/CV-l0CMiX0I\">https://youtu.be/CV-l0CMiX0I</a></p>', 2, 'CV-l0CMiX0I', '<p>isi konten disini ini hanyalah sample.</p>', '', 29, 1, 6, '2021-06-09 06:42:39', 1, NULL, NULL),
(61, 'Pengenalan Bahasa Dart Dan Framework Flutter', '<p>-</p>', 3, 'konsepkoding.com/2020/04/pengenalan-bahasa-dart-dan-framework-flutter.html', '<p>-</p>', '', 30, 1, 27, '2021-06-14 12:05:23', 1, NULL, NULL);

--
-- Indexes for dumped tables
--

--
-- Indexes for table `akun`
--
ALTER TABLE `akun`
  ADD PRIMARY KEY (`ID`);

--
-- Indexes for table `kategori`
--
ALTER TABLE `kategori`
  ADD PRIMARY KEY (`ID`);

--
-- Indexes for table `konten`
--
ALTER TABLE `konten`
  ADD PRIMARY KEY (`ID`);

--
-- AUTO_INCREMENT for dumped tables
--

--
-- AUTO_INCREMENT for table `akun`
--
ALTER TABLE `akun`
  MODIFY `ID` int(11) NOT NULL AUTO_INCREMENT, AUTO_INCREMENT=6;

--
-- AUTO_INCREMENT for table `kategori`
--
ALTER TABLE `kategori`
  MODIFY `ID` int(11) NOT NULL AUTO_INCREMENT, AUTO_INCREMENT=28;

--
-- AUTO_INCREMENT for table `konten`
--
ALTER TABLE `konten`
  MODIFY `ID` int(11) NOT NULL AUTO_INCREMENT, AUTO_INCREMENT=62;
COMMIT;

/*!40101 SET CHARACTER_SET_CLIENT=@OLD_CHARACTER_SET_CLIENT */;
/*!40101 SET CHARACTER_SET_RESULTS=@OLD_CHARACTER_SET_RESULTS */;
/*!40101 SET COLLATION_CONNECTION=@OLD_COLLATION_CONNECTION */;
